File,Cloud Cover Over Land
LANDSAT_LC08_C02_T1_LC08_041019_20221130_406QLD0_100000_1669832527918.tif,1.29
LANDSAT_LC08_C02_T1_LC08_043018_20160417_2202203_100000_1460917985910.tif,2.08
LANDSAT_LC08_C02_T1_LC08_057014_20220420_2201401_100000_1650484696668.tif,0.16
LANDSAT_LC08_C02_T1_LC08_037025_20130821_4022359_100000_1377108076134.tif,1.65
LANDSAT_LC08_C02_T1_LC08_042018_20190302_406QLD0_100000_1551551221438.tif,0.31
LANDSAT_LC08_C02_T1_LC08_041019_20140329_406QLD0_100000_1396117308114.tif,1.09
LANDSAT_LC08_C02_T1_LC08_044018_20180313_2202203_100000_1520966357467.tif,0.02
LANDSAT_LC08_C02_T1_LC08_041019_20151229_406QLD0_100000_1451413301189.tif,2.77
LANDSAT_LC08_C02_T1_LC08_058013_20190302_2201401_100000_1551557035081.tif,0.03
LANDSAT_LC08_C02_T1_LC08_044018_20170411_2202203_100000_1491935952060.tif,0.08
LANDSAT_LC08_C02_T1_LC08_041018_20220130_406QLD0_100000_1643566878519.tif,2.02
LANDSAT_LC08_C02_T1_LC08_043023_20140701_3012202_100000_1404239717611.tif,2.73
LANDSAT_LC08_C02_T1_LC08_037024_20220830_4022359_100000_1661882362050.tif,0.01
LANDSAT_LC08_C02_T1_LC08_057014_20180714_2201401_100000_1531598257519.tif,2.74
LANDSAT_LC08_C02_T1_LC08_058014_20240416_2201401_100000_1713297849114.tif,0.5
LANDSAT_LC08_C02_T1_LC08_041019_20160809_406QLD0_100000_1470766895808.tif,0.13
LANDSAT_LC08_C02_T1_LC08_058014_20220326_2201401_100000_1648325065599.tif,3.81
LANDSAT_LC08_C02_T1_LC08_044018_20220119_2202203_100000_1642617594510.tif,3.2
LANDSAT_LC08_C02_T1_LC08_041018_20140804_406QLD0_100000_1407176470397.tif,1.13
LANDSAT_LC08_C02_T1_LC08_058013_20210307_2201401_100000_1615147450308.tif,2.25
LANDSAT_LC08_C02_T1_LC08_042018_20240923_406QLD0_100000_1727116034721.tif,0.21
LANDSAT_LC08_C02_T1_LC08_058014_20150203_2201401_100000_1422993874758.tif,2.83
LANDSAT_LC08_C02_T1_LC08_058014_20140405_2201401_100000_1396728288544.tif,0.04
LANDSAT_LC08_C02_T1_LC08_042024_20200726_3031092_100000_1595788179900.tif,0.11
LANDSAT_LC08_C02_T1_LC08_041019_20231016_406QLD0_100000_1697480503465.tif,2.85
LANDSAT_LC08_C02_T1_LC08_058013_20230516_2201401_100000_1684267410288.tif,2.53
LANDSAT_LC08_C02_T1_LC08_043022_20141005_3012202_100000_1412534118739.tif,0.11
LANDSAT_LC08_C02_T1_LC08_044018_20140113_2202203_100000_1389638453732.tif,0.36
LANDSAT_LC08_C02_T1_LC08_037024_20160914_4022359_100000_1473875944008.tif,0.01
LANDSAT_LC08_C02_T1_LC08_035022_20151219_5050919_100000_1450547149269.tif,2.93
LANDSAT_LC08_C02_T1_LC08_057014_20231117_2201401_100000_1700251120805.tif,1.01
LANDSAT_LC08_C02_T1_LC08_058014_20171107_2201401_100000_1510085095330.tif,2.05
LANDSAT_LC08_C02_T1_LC08_042024_20170208_3031092_100000_1486578582432.tif,3.7
LANDSAT_LC08_C02_T1_LC08_058014_20160410_2201401_100000_1460318655437.tif,0.47
LANDSAT_LC08_C02_T1_LC08_049019_20190303_1192948_100000_1551640240682.tif,0.13
LANDSAT_LC08_C02_T1_LC08_035022_20170311_5050919_100000_1489254326429.tif,1.46
LANDSAT_LC08_C02_T1_LC08_044018_20140403_2202203_100000_1396550394243.tif,0.0
LANDSAT_LC08_C02_T1_LC08_042018_20210526_406QLD0_100000_1622053622902.tif,2.13
LANDSAT_LC08_C02_T1_LC08_057014_20151111_2201401_100000_1447271913681.tif,0.45
LANDSAT_LC08_C02_T1_LC08_044018_20210321_2202203_100000_1616351971469.tif,0.89
LANDSAT_LC08_C02_T1_LC08_041018_20150401_406QLD0_100000_1427912434175.tif,0.0
LANDSAT_LC08_C02_T1_LC08_037024_20230918_4022359_100000_1695059934435.tif,0.6
LANDSAT_LC08_C02_T1_LC08_044018_20160220_2202203_100000_1455993576064.tif,0.14
LANDSAT_LC08_C02_T1_LC08_043018_20210210_2202203_100000_1612982017705.tif,2.77
LANDSAT_LC08_C02_T1_LC08_057014_20200329_2201401_100000_1585511891000.tif,0.0
LANDSAT_LC08_C02_T1_LC08_035022_20170207_5050919_100000_1486489539573.tif,0.97
LANDSAT_LC08_C02_T1_LC08_042024_20180705_3031092_100000_1530815329916.tif,0.23
LANDSAT_LC08_C02_T1_LC08_043018_20150109_2202203_100000_1420828414929.tif,0.28
LANDSAT_LC08_C02_T1_LC08_037024_20170715_4022359_100000_1500141519816.tif,1.02
LANDSAT_LC08_C02_T1_LC08_058014_20140320_2201401_100000_1395345903695.tif,0.18
LANDSAT_LC08_C02_T1_LC08_058014_20180126_2201401_100000_1516997074934.tif,4.96
LANDSAT_LC08_C02_T1_LC08_042018_20200217_406QLD0_100000_1581964042429.tif,0.01
LANDSAT_LC08_C02_T1_LC08_058014_20230209_2201401_100000_1675973098712.tif,4.81
LANDSAT_LC08_C02_T1_LC08_043018_20160229_2202203_100000_1456770805457.tif,0.04
LANDSAT_LC08_C02_T1_LC08_041025_20150417_3031092_100000_1429295000312.tif,0.55
LANDSAT_LC08_C02_T1_LC08_044018_20191213_2202203_100000_1576262400605.tif,1.16
LANDSAT_LC08_C02_T1_LC08_058013_20210424_2201401_100000_1619294631248.tif,1.34
LANDSAT_LC08_C02_T1_LC08_035022_20140215_5050919_100000_1392486391457.tif,2.04
LANDSAT_LC08_C02_T1_LC08_041018_20180103_406QLD0_100000_1515003678420.tif,0.2
LANDSAT_LC08_C02_T1_LC08_049019_20160513_1192948_100000_1463166632705.tif,0.0
LANDSAT_LC08_C02_T1_LC08_035022_20160221_5050919_100000_1456076734318.tif,0.04
LANDSAT_LC08_C02_T1_LC08_041019_20200414_406QLD0_100000_1586888470298.tif,0.12
LANDSAT_LC08_C02_T1_LC08_042024_20141115_3031092_100000_1416076196978.tif,2.73
LANDSAT_LC08_C02_T1_LC08_041019_20170828_406QLD0_100000_1503944499848.tif,0.01
LANDSAT_LC08_C02_T1_LC08_058013_20230703_2201401_100000_1688414632944.tif,0.14
LANDSAT_LC08_C02_T1_LC08_044018_20220220_2202203_100000_1645382384389.tif,0.25
LANDSAT_LC08_C02_T1_LC08_048023_20181019_1096631_100000_1539975977078.tif,0.35
LANDSAT_LC08_C02_T1_LC08_042018_20211001_406QLD0_100000_1633112862692.tif,1.61
LANDSAT_LC08_C02_T1_LC08_041018_20170812_406QLD0_100000_1502562072233.tif,0.83
LANDSAT_LC08_C02_T1_LC08_057014_20200820_2201401_100000_1597953511390.tif,0.9
LANDSAT_LC08_C02_T1_LC08_041019_20240324_406QLD0_100000_1711304474455.tif,0.32
LANDSAT_LC08_C02_T1_LC08_044018_20160103_2202203_100000_1451846387938.tif,1.8
LANDSAT_LC08_C02_T1_LC08_041019_20210127_406QLD0_100000_1611771702348.tif,1.83
LANDSAT_LC08_C02_T1_LC08_057014_20170217_2201401_100000_1487361503329.tif,4.13
LANDSAT_LC08_C02_T1_LC08_042018_20211102_406QLD0_100000_1635877666265.tif,0.05
LANDSAT_LC08_C02_T1_LC08_041019_20230202_406QLD0_100000_1675362116959.tif,0.2
LANDSAT_LC08_C02_T1_LC08_058013_20150526_2201401_100000_1432670598615.tif,1.55
LANDSAT_LC08_C02_T1_LC08_042024_20150307_3031092_100000_1425752965737.tif,4.51
LANDSAT_LC08_C02_T1_LC08_044018_20150524_2202203_100000_1432492726299.tif,0.08
LANDSAT_LC08_C02_T1_LC08_058014_20150323_2201401_100000_1427141050869.tif,2.92
LANDSAT_LC08_C02_T1_LC08_041018_20220810_406QLD0_100000_1660155700190.tif,0.79
LANDSAT_LC08_C02_T1_LC08_041025_20180103_3031092_100000_1515003845573.tif,0.07
LANDSAT_LC08_C02_T1_LC08_041018_20231219_406QLD0_100000_1703010083202.tif,1.89
LANDSAT_LC08_C02_T1_LC08_037024_20230513_4022359_100000_1684000687464.tif,4.76
LANDSAT_LC08_C02_T1_LC08_041018_20170422_406QLD0_100000_1492885232688.tif,0.27
LANDSAT_LC08_C02_T1_LC08_043018_20141224_2202203_100000_1419446018161.tif,0.35
LANDSAT_LC08_C02_T1_LC08_058013_20180416_2201401_100000_1523909012597.tif,0.0
LANDSAT_LC08_C02_T1_LC08_058013_20200421_2201401_100000_1587499427693.tif,3.58
LANDSAT_LC08_C02_T1_LC08_042018_20190910_406QLD0_100000_1568140055687.tif,0.01
LANDSAT_LC08_C02_T1_LC08_042018_20220310_406QLD0_100000_1646936839479.tif,0.0
LANDSAT_LC08_C02_T1_LC08_041019_20150924_406QLD0_100000_1443118893559.tif,2.1
LANDSAT_LC08_C02_T1_LC08_037024_20140925_4022359_100000_1411667935279.tif,0.77
LANDSAT_LC08_C02_T1_LC08_044018_20170105_2202203_100000_1483641594514.tif,2.31
LANDSAT_LC08_C02_T1_LC08_041019_20240628_406QLD0_100000_1719598851268.tif,0.03
LANDSAT_LC08_C02_T1_LC08_037025_20130704_4022359_100000_1372960873091.tif,1.83
LANDSAT_LC08_C02_T1_LC08_042024_20150408_3031092_100000_1428517746777.tif,3.6
LANDSAT_LC08_C02_T1_LC08_044018_20130416_2202203_100000_1366137691416.tif,0.99
LANDSAT_LC08_C02_T1_LC08_058014_20210408_2201401_100000_1617912262601.tif,0.66
LANDSAT_LC08_C02_T1_LC08_041018_20170625_406QLD0_100000_1498414855627.tif,1.32
LANDSAT_LC08_C02_T1_LC08_037024_20200925_4022359_100000_1601056747801.tif,0.09
LANDSAT_LC08_C02_T1_LC08_041018_20220420_406QLD0_100000_1650478859185.tif,0.0
LANDSAT_LC08_C02_T1_LC08_041019_20150127_406QLD0_100000_1422382891328.tif,2.1
LANDSAT_LC08_C02_T1_LC08_044018_20160814_2202203_100000_1471199986143.tif,3.95
LANDSAT_LC08_C02_T1_LC08_044018_20190519_2202203_100000_1558291159598.tif,1.33
LANDSAT_LC08_C02_T1_LC08_035022_20170530_5050919_100000_1496166316253.tif,0.19
LANDSAT_LC08_C02_T1_LC08_041018_20170201_406QLD0_100000_1485973272421.tif,0.22
LANDSAT_LC08_C02_T1_LC08_042018_20141201_406QLD0_100000_1417458452372.tif,1.69
LANDSAT_LC08_C02_T1_LC08_058013_20190825_2201401_100000_1566763465309.tif,2.44
LANDSAT_LC08_C02_T1_LC08_042018_20140304_406QLD0_100000_1393957675307.tif,0.01
LANDSAT_LC08_C02_T1_LC08_044018_20221018_2202203_100000_1666118415941.tif,1.5
LANDSAT_LC08_C02_T1_LC08_044018_20150625_2202203_100000_1435257541900.tif,1.02
LANDSAT_LC08_C02_T1_LC08_057014_20190223_2201401_100000_1550951890257.tif,2.7
LANDSAT_LC08_C02_T1_LC08_058013_20190910_2201401_100000_1568145869342.tif,4.52
LANDSAT_LC08_C02_T1_LC08_042018_20150915_406QLD0_100000_1442341637080.tif,0.44
LANDSAT_LC08_C02_T1_LC08_042024_20201201_3031092_100000_1606847405276.tif,0.45
LANDSAT_LC08_C02_T1_LC08_037025_20140808_4022359_100000_1407520756024.tif,1.29
LANDSAT_LC08_C02_T1_LC08_042018_20180315_406QLD0_100000_1521138414547.tif,0.1
LANDSAT_LC08_C02_T1_LC08_057014_20171116_2201401_100000_1510862322015.tif,0.75
LANDSAT_LC08_C02_T1_LC08_043018_20220605_2202203_100000_1654454015461.tif,0.01
LANDSAT_LC08_C02_T1_LC08_044018_20140302_2202203_100000_1393785618048.tif,0.45
LANDSAT_LC08_C02_T1_LC08_041018_20160403_406QLD0_100000_1459707648863.tif,0.01
LANDSAT_LC08_C02_T1_LC08_037024_20210710_4022359_100000_1625939924667.tif,0.05
LANDSAT_LC08_C02_T1_LC08_057014_20180204_2201401_100000_1517774299414.tif,2.43
LANDSAT_LC08_C02_T1_LC08_043018_20161213_2202203_100000_1481654028586.tif,2.59
LANDSAT_LC08_C02_T1_LC08_037024_20200909_4022359_100000_1599674342929.tif,0.47
LANDSAT_LC08_C02_T1_LC08_044018_20220103_2202203_100000_1641235197404.tif,0.59
LANDSAT_LC08_C02_T1_LC08_057014_20150316_2201401_100000_1426535883262.tif,0.67
LANDSAT_LC08_C02_T1_LC08_037024_20170731_4022359_100000_1501523927789.tif,2.18
LANDSAT_LC08_C02_T1_LC08_041025_20140225_3031092_100000_1393352680115.tif,0.01
LANDSAT_LC08_C02_T1_LC08_042024_20151017_3031092_100000_1445106585629.tif,0.12
LANDSAT_LC08_C02_T1_LC08_049019_20170329_1192948_100000_1490814636137.tif,0.89
LANDSAT_LC08_C02_T1_LC08_042018_20220121_406QLD0_100000_1642789652076.tif,0.05
LANDSAT_LC08_C02_T1_LC08_058014_20211017_2201401_100000_1634501104200.tif,1.64
LANDSAT_LC08_C02_T1_LC08_049019_20171210_1192948_100000_1512933069440.tif,2.64
LANDSAT_LC08_C02_T1_LC08_057014_20181103_2201401_100000_1541275102923.tif,0.16
LANDSAT_LC08_C02_T1_LC08_043018_20200530_2202203_100000_1590863580661.tif,0.02
LANDSAT_LC08_C02_T1_LC08_058013_20210408_2201401_100000_1617912238723.tif,0.03
LANDSAT_LC08_C02_T1_LC08_047023_20150513_1096631_100000_1431543555530.tif,4.25
LANDSAT_LC08_C02_T1_LC08_037024_20130821_4022359_100000_1377108052247.tif,4.7
LANDSAT_LC08_C02_T1_LC08_058014_20180331_2201401_100000_1522526645641.tif,3.64
LANDSAT_LC08_C02_T1_LC08_058013_20140405_2201401_100000_1396728264678.tif,0.0
LANDSAT_LC08_C02_T1_LC08_044018_20191127_2202203_100000_1574880001852.tif,0.12
LANDSAT_LC08_C02_T1_LC08_041018_20150127_406QLD0_100000_1422382867454.tif,0.17
LANDSAT_LC08_C02_T1_LC08_044018_20131110_2202203_100000_1384108886863.tif,2.21
LANDSAT_LC08_C02_T1_LC08_042024_20180331_3031092_100000_1522520951386.tif,0.36
LANDSAT_LC08_C02_T1_LC08_042018_20180110_406QLD0_100000_1515608846277.tif,4.39
LANDSAT_LC08_C02_T1_LC08_048023_20170914_1096631_100000_1505415991586.tif,3.35
LANDSAT_LC08_C02_T1_LC08_041019_20220303_406QLD0_100000_1646331694840.tif,0.01
LANDSAT_LC08_C02_T1_LC08_058013_20160222_2201401_100000_1456171448290.tif,0.09
LANDSAT_LC08_C02_T1_LC08_058013_20171107_2201401_100000_1510085071456.tif,0.88
LANDSAT_LC08_C02_T1_LC08_042018_20140320_406QLD0_100000_1395340066204.tif,0.0
LANDSAT_LC08_C02_T1_LC08_041019_20180409_406QLD0_100000_1523298056356.tif,0.01
LANDSAT_LC08_C02_T1_LC08_041018_20200414_406QLD0_100000_1586888446420.tif,2.71
LANDSAT_LC08_C02_T1_LC08_044018_20150321_2202203_100000_1426963156177.tif,0.9
LANDSAT_LC08_C02_T1_LC08_057014_20140414_2201401_100000_1397505506665.tif,0.94
LANDSAT_LC08_C02_T1_LC08_043018_20210226_2202203_100000_1614364412134.tif,0.91
LANDSAT_LC08_C02_T1_LC08_043018_20150602_2202203_100000_1433269960249.tif,2.35
LANDSAT_LC08_C02_T1_LC08_044018_20170206_2202203_100000_1486406382003.tif,2.84
LANDSAT_LC08_C02_T1_LC08_042024_20140811_3031092_100000_1407781787195.tif,0.06
LANDSAT_LC08_C02_T1_LC08_044018_20131228_2202203_100000_1388256067987.tif,4.57
LANDSAT_LC08_C02_T1_LC08_044018_20221221_2202203_100000_1671648005854.tif,0.05
LANDSAT_LC08_C02_T1_LC08_041018_20150519_406QLD0_100000_1432059612544.tif,0.31
LANDSAT_LC08_C02_T1_LC08_041019_20190919_406QLD0_100000_1568917312060.tif,0.31
LANDSAT_LC08_C02_T1_LC08_037025_20131024_4022359_100000_1382637660110.tif,3.55
LANDSAT_LC08_C02_T1_LC08_058013_20190214_2201401_100000_1550174639191.tif,0.05
LANDSAT_LC08_C02_T1_LC08_048023_20180816_1096631_100000_1534446351916.tif,2.01
LANDSAT_LC08_C02_T1_LC08_044018_20170918_2202203_100000_1505759991122.tif,0.12
LANDSAT_LC08_C02_T1_LC08_057014_20170305_2201401_100000_1488743896768.tif,0.28
LANDSAT_LC08_C02_T1_LC08_035022_20150218_5050919_100000_1424281529609.tif,0.02
LANDSAT_LC08_C02_T1_LC08_049019_20180401_1192948_100000_1522609827202.tif,0.24
LANDSAT_LC08_C02_T1_LC08_057014_20150228_2201401_100000_1425153494168.tif,4.39
LANDSAT_LC08_C02_T1_LC08_049019_20180111_1192948_100000_1515697865389.tif,1.75
LANDSAT_LC08_C02_T1_LC08_042024_20160222_3031092_100000_1456165777901.tif,2.56
LANDSAT_LC08_C02_T1_LC08_037024_20200402_4022359_100000_1585850310809.tif,1.97
LANDSAT_LC08_C02_T1_LC08_058013_20220310_2201401_100000_1646942653126.tif,3.19
LANDSAT_LC08_C02_T1_LC08_057014_20180916_2201401_100000_1537127885318.tif,2.65
LANDSAT_LC08_C02_T1_LC08_049019_20161121_1192948_100000_1479755481062.tif,2.69
LANDSAT_LC08_C02_T1_LC08_044018_20131212_2202203_100000_1386873676824.tif,1.25
LANDSAT_LC08_C02_T1_LC08_058013_20140811_2201401_100000_1407787457534.tif,0.06
LANDSAT_LC08_C02_T1_LC08_058013_20220326_2201401_100000_1648325041725.tif,0.0
LANDSAT_LC08_C02_T1_LC08_041018_20131207_406QLD0_100000_1386440566891.tif,2.12
LANDSAT_LC08_C02_T1_LC08_042024_20210323_3031092_100000_1616524172770.tif,2.05
LANDSAT_LC08_C02_T1_LC08_035022_20160205_5050919_100000_1454694342277.tif,1.7
LANDSAT_LC08_C02_T1_LC08_049019_20151103_1192948_100000_1446577867479.tif,1.12
LANDSAT_LC08_C02_T1_LC08_041018_20211229_406QLD0_100000_1640802085408.tif,0.0
LANDSAT_LC08_C02_T1_LC08_058014_20160325_2201401_100000_1458936262102.tif,0.34
LANDSAT_LC08_C02_T1_LC08_057014_20211111_2201401_100000_1636660730118.tif,1.16
LANDSAT_LC08_C02_T1_LC08_037024_20220424_4022359_100000_1650823117537.tif,2.32
LANDSAT_LC08_C02_T1_LC08_037024_20180107_4022359_100000_1515347936807.tif,0.41
LANDSAT_LC08_C02_T1_LC08_041018_20170321_406QLD0_100000_1490120449145.tif,0.35
LANDSAT_LC08_C02_T1_LC08_042024_20190318_3031092_100000_1552933759535.tif,0.71
LANDSAT_LC08_C02_T1_LC08_042024_20130824_3031092_100000_1377369106884.tif,2.27
LANDSAT_LC08_C02_T1_LC08_057014_20230306_2201401_100000_1678132708087.tif,3.57
LANDSAT_LC08_C02_T1_LC08_042018_20170107_406QLD0_100000_1483813652473.tif,1.97
LANDSAT_LC08_C02_T1_LC08_041018_20150316_406QLD0_100000_1426530045720.tif,0.0
LANDSAT_LC08_C02_T1_LC08_057014_20140617_2201401_100000_1403035090411.tif,3.35
LANDSAT_LC08_C02_T1_LC08_041018_20170711_406QLD0_100000_1499797258429.tif,0.19
LANDSAT_LC08_C02_T1_LC08_057014_20200125_2201401_100000_1579982315223.tif,2.04
LANDSAT_LC08_C02_T1_LC08_042018_20151001_406QLD0_100000_1443724041900.tif,4.7
LANDSAT_LC08_C02_T1_LC08_049019_20171108_1192948_100000_1510168277182.tif,0.26
LANDSAT_LC08_C02_T1_LC08_041019_20141226_406QLD0_100000_1419618099160.tif,1.56
LANDSAT_LC08_C02_T1_LC08_058013_20160206_2201401_100000_1454789055672.tif,0.91
LANDSAT_LC08_C02_T1_LC08_043022_20140223_3012202_100000_1393180552344.tif,1.07
LANDSAT_LC08_C02_T1_LC08_057014_20141108_2201401_100000_1415476721702.tif,1.32
LANDSAT_LC08_C02_T1_LC08_042024_20140710_3031092_100000_1405016975545.tif,1.93
LANDSAT_LC08_C02_T1_LC08_049019_20180924_1192948_100000_1537816241364.tif,4.1
LANDSAT_LC08_C02_T1_LC08_037024_20160728_4022359_100000_1469728730690.tif,0.57
LANDSAT_LC08_C02_T1_LC08_041019_20180220_406QLD0_100000_1519150880318.tif,0.07
LANDSAT_LC08_C02_T1_LC08_042024_20230430_3050519_100000_1682879353040.tif,1.22
LANDSAT_LC08_C02_T1_LC08_058014_20190214_2201401_100000_1550174663069.tif,0.43
LANDSAT_LC08_C02_T1_LC08_041024_20150111_3031092_100000_1421000616285.tif,0.76
LANDSAT_LC08_C02_T1_LC08_058013_20240315_2201401_100000_1710533043936.tif,2.1
LANDSAT_LC08_C02_T1_LC08_041019_20190311_406QLD0_100000_1552328471080.tif,2.82
LANDSAT_LC08_C02_T1_LC08_049019_20190826_1192948_100000_1566846671469.tif,2.49
LANDSAT_LC08_C02_T1_LC08_044018_20180329_2202203_100000_1522348750705.tif,1.07
LANDSAT_LC08_C02_T1_LC08_043018_20241219_2202203_100000_1734633213540.tif,0.21
LANDSAT_LC08_C02_T1_LC08_057014_20170508_2201401_100000_1494273468642.tif,0.39
LANDSAT_LC08_C02_T1_LC08_044018_20200215_2202203_100000_1581791984518.tif,2.41
LANDSAT_LC08_C02_T1_LC08_044018_20130409_2202203_100000_1365532813136.tif,0.0
LANDSAT_LC08_C02_T1_LC08_041019_20140124_406QLD0_100000_1390587761657.tif,4.89
LANDSAT_LC08_C02_T1_LC08_041018_20160302_406QLD0_100000_1456942863642.tif,0.01
LANDSAT_LC08_C02_T1_LC08_042025_20230430_3050519_100000_1682879376918.tif,2.82
LANDSAT_LC08_C02_T1_LC08_042018_20190214_406QLD0_100000_1550168825544.tif,1.57
LANDSAT_LC08_C02_T1_LC08_058013_20191113_2201401_100000_1573675475868.tif,0.31
LANDSAT_LC08_C02_T1_LC08_042018_20191231_406QLD0_100000_1577816854260.tif,2.31
LANDSAT_LC08_C02_T1_LC08_058014_20200201_2201401_100000_1580587483432.tif,0.22
LANDSAT_LC08_C02_T1_LC08_042025_20230329_3050519_100000_1680114596445.tif,1.68
LANDSAT_LC08_C02_T1_LC08_037025_20140301_4022359_100000_1393696791219.tif,0.0
LANDSAT_LC08_C02_T1_LC08_048023_20170101_1096631_100000_1483297597830.tif,3.79
LANDSAT_LC08_C02_T1_LC08_058014_20150510_2201401_100000_1431288222347.tif,0.93
LANDSAT_LC08_C02_T1_LC08_042018_20220326_406QLD0_100000_1648319228103.tif,2.54
LANDSAT_LC08_C02_T1_LC08_037025_20140128_4022359_100000_1390932020011.tif,4.08
LANDSAT_LC08_C02_T1_LC08_042024_20220222_3031092_100000_1645554586039.tif,0.21
LANDSAT_LC08_C02_T1_LC08_043018_20131205_2202203_100000_1386268508989.tif,0.17
LANDSAT_LC08_C02_T1_LC08_041018_20160622_406QLD0_100000_1466619656015.tif,0.72
LANDSAT_LC08_C02_T1_LC08_058014_20240806_2201401_100000_1722974651092.tif,0.09
LANDSAT_LC08_C02_T1_LC08_041019_20230829_406QLD0_100000_1693333293996.tif,0.99
LANDSAT_LC08_C02_T1_LC08_043018_20200802_2202203_100000_1596393208954.tif,2.64
LANDSAT_LC08_C02_T1_LC08_042018_20150510_406QLD0_100000_1431282384834.tif,0.79
LANDSAT_LC08_C02_T1_LC08_041019_20160419_406QLD0_100000_1461090067170.tif,0.13
LANDSAT_LC08_C02_T1_LC08_037024_20151201_4022359_100000_1448992739014.tif,0.13
LANDSAT_LC08_C02_T1_LC08_058014_20170312_2201401_100000_1489349063535.tif,0.24
LANDSAT_LC08_C02_T1_LC08_037024_20221220_4022359_100000_1671559154488.tif,0.57
LANDSAT_LC08_C02_T1_LC08_043022_20130628_3012202_100000_1372444624898.tif,3.73
LANDSAT_LC08_C02_T1_LC08_042018_20220105_406QLD0_100000_1641407255673.tif,0.6
LANDSAT_LC08_C02_T1_LC08_041018_20180409_406QLD0_100000_1523298032486.tif,0.0
LANDSAT_LC08_C02_T1_LC08_057014_20150212_2201401_100000_1423771097027.tif,1.91
LANDSAT_LC08_C02_T1_LC08_058013_20180331_2201401_100000_1522526621771.tif,0.0
LANDSAT_LC08_C02_T1_LC08_043018_20220520_2202203_100000_1653071608411.tif,2.62
LANDSAT_LC08_C02_T1_LC08_041019_20160215_406QLD0_100000_1455560489674.tif,1.4
LANDSAT_LC08_C02_T1_LC08_048023_20180426_1096631_100000_1524769537763.tif,0.11
LANDSAT_LC08_C02_T1_LC08_058013_20220411_2201401_100000_1649707444176.tif,1.45
LANDSAT_LC08_C02_T1_LC08_043018_20131221_2202203_100000_1387650899275.tif,3.13
LANDSAT_LC08_C02_T1_LC08_058013_20230313_2201401_100000_1678737853047.tif,1.5
LANDSAT_LC08_C02_T1_LC08_041018_20240324_406QLD0_100000_1711304450581.tif,0.0
LANDSAT_LC08_C02_T1_LC08_037024_20240718_4022359_100000_1721325503232.tif,3.57
LANDSAT_LC08_C02_T1_LC08_037024_20160813_4022359_100000_1471111133149.tif,1.72
LANDSAT_LC08_C02_T1_LC08_041018_20210228_406QLD0_100000_1614536469575.tif,0.69
LANDSAT_LC08_C02_T1_LC08_037024_20210421_4022359_100000_1619027908447.tif,0.28
LANDSAT_LC08_C02_T1_LC08_041024_20221114_3031092_100000_1668450246707.tif,0.15
LANDSAT_LC08_C02_T1_LC08_041019_20140703_406QLD0_100000_1404411681860.tif,4.86
LANDSAT_LC08_C02_T1_LC08_042024_20170702_3031092_100000_1499020171228.tif,2.73
LANDSAT_LC08_C02_T1_LC08_041024_20220927_3031092_100000_1664303052239.tif,4.59
LANDSAT_LC08_C02_T1_LC08_037024_20160829_4022359_100000_1472493540438.tif,0.21
LANDSAT_LC08_C02_T1_LC08_042018_20140726_406QLD0_100000_1406399234950.tif,4.45
LANDSAT_LC08_C02_T1_LC08_041018_20130401_406QLD0_100000_1364840551425.tif,0.22
LANDSAT_LC08_C02_T1_LC08_041024_20140225_3031092_100000_1393352656237.tif,0.0
LANDSAT_LC08_C02_T1_LC08_041025_20180409_3031092_100000_1523298199622.tif,1.14
LANDSAT_LC08_C02_T1_LC08_037024_20131008_4022359_100000_1381255243458.tif,0.36
LANDSAT_LC08_C02_T1_LC08_041018_20180425_406QLD0_100000_1524680423218.tif,0.01
LANDSAT_LC08_C02_T1_LC08_058014_20210203_2201401_100000_1612382685892.tif,3.81
LANDSAT_LC08_C02_T1_LC08_042024_20170718_3031092_100000_1500402575596.tif,2.34
LANDSAT_LC08_C02_T1_LC08_041018_20140124_406QLD0_100000_1390587737774.tif,0.65
LANDSAT_LC08_C02_T1_LC08_058014_20210424_2201401_100000_1619294655122.tif,1.65
LANDSAT_LC08_C02_T1_LC08_042018_20211204_406QLD0_100000_1638642462751.tif,2.32
LANDSAT_LC08_C02_T1_LC08_058013_20130418_2201401_100000_1366315562732.tif,0.63
LANDSAT_LC08_C02_T1_LC08_058014_20131011_2201401_100000_1381521991341.tif,1.44
LANDSAT_LC08_C02_T1_LC08_042023_20140624_3012202_100000_1403634543038.tif,4.08
LANDSAT_LC08_C02_T1_LC08_043022_20140122_3012202_100000_1390415775487.tif,1.36
LANDSAT_LC08_C02_T1_LC08_044018_20191111_2202203_100000_1573497604319.tif,0.86
LANDSAT_LC08_C02_T1_LC08_043018_20230304_2202203_100000_1677954813807.tif,0.12
LANDSAT_LC08_C02_T1_LC08_057014_20140225_2201401_100000_1393358350496.tif,0.07
LANDSAT_LC08_C02_T1_LC08_058014_20230703_2201401_100000_1688414656826.tif,4.69
LANDSAT_LC08_C02_T1_LC08_041018_20220215_406QLD0_100000_1644949274412.tif,3.23
LANDSAT_LC08_C02_T1_LC08_042018_20170312_406QLD0_100000_1489343226027.tif,0.0
LANDSAT_LC08_C02_T1_LC08_049019_20190319_1192948_100000_1553022635713.tif,0.18
LANDSAT_LC08_C02_T1_LC08_044018_20200505_2202203_100000_1588703947760.tif,1.82
LANDSAT_LC08_C02_T1_LC08_059013_20130714_2201401_100000_1373832744524.tif,0.92
LANDSAT_LC08_C02_T1_LC08_043018_20221214_2202203_100000_1671042841240.tif,3.39
LANDSAT_LC08_C02_T1_LC08_041018_20150111_406QLD0_100000_1421000473015.tif,4.64
LANDSAT_LC08_C02_T1_LC08_058014_20200217_2201401_100000_1581969879958.tif,4.73
LANDSAT_LC08_C02_T1_LC08_057014_20210127_2201401_100000_1611777516003.tif,3.92
LANDSAT_LC08_C02_T1_LC08_058014_20200523_2201401_100000_1590264245207.tif,1.86
LANDSAT_LC08_C02_T1_LC08_037024_20210304_4022359_100000_1614880727525.tif,0.93
LANDSAT_LC08_C02_T1_LC08_041025_20211026_3031092_100000_1635272663385.tif,4.12
LANDSAT_LC08_C02_T1_LC08_043018_20140223_2202203_100000_1393180456852.tif,0.06
LANDSAT_LC08_C02_T1_LC08_035022_20140303_5050919_100000_1393868774928.tif,0.03
LANDSAT_LC08_C02_T1_LC08_043018_20140514_2202203_100000_1400092385250.tif,2.04
LANDSAT_LC08_C02_T1_LC08_049019_20220818_1192948_100000_1660849892532.tif,0.0
LANDSAT_LC08_C02_T1_LC08_058013_20240806_2201401_100000_1722974627201.tif,0.01
LANDSAT_LC08_C02_T1_LC08_042018_20220222_406QLD0_100000_1645554442773.tif,0.53
LANDSAT_LC08_C02_T1_LC08_048023_20180512_1096631_100000_1526151927990.tif,0.81
LANDSAT_LC08_C02_T1_LC08_041018_20160215_406QLD0_100000_1455560465796.tif,0.07
LANDSAT_LC08_C02_T1_LC08_058013_20190403_2201401_100000_1554321826529.tif,2.52
LANDSAT_LC08_C02_T1_LC08_042024_20130327_3031092_100000_1364408948940.tif,0.05
LANDSAT_LC08_C02_T1_LC08_043023_20141005_3012202_100000_1412534142622.tif,0.07
LANDSAT_LC08_C02_T1_LC08_042024_20200320_3031092_100000_1584728972941.tif,0.05
LANDSAT_LC08_C02_T1_LC08_042018_20150203_406QLD0_100000_1422988037245.tif,3.68
LANDSAT_LC08_C02_T1_LC08_043018_20180202_2202203_100000_1517596404008.tif,4.66
LANDSAT_LC08_C02_T1_LC08_037024_20170309_4022359_100000_1489082317013.tif,0.81
LANDSAT_LC08_C02_T1_LC08_041019_20170201_406QLD0_100000_1485973296295.tif,0.0
LANDSAT_LC08_C02_T1_LC08_057014_20170422_2201401_100000_1492891070200.tif,0.08
LANDSAT_LC08_C02_T1_LC08_058013_20130808_2201401_100000_1375992375291.tif,0.15
LANDSAT_LC08_C02_T1_LC08_041024_20211026_3031092_100000_1635272639503.tif,0.49
LANDSAT_LC08_C02_T1_LC08_037024_20181022_4022359_100000_1540231122864.tif,0.11
LANDSAT_LC08_C02_T1_LC08_041019_20240308_406QLD0_100000_1709922085844.tif,0.1
LANDSAT_LC08_C02_T1_LC08_042018_20221207_406QLD0_100000_1670437673914.tif,1.52
LANDSAT_LC08_C02_T1_LC08_049019_20150511_1192948_100000_1431371403563.tif,1.77
LANDSAT_LC08_C02_T1_LC08_058014_20180416_2201401_100000_1523909036466.tif,0.0
LANDSAT_LC08_C02_T1_LC08_041018_20221130_406QLD0_100000_1669832504039.tif,3.77
LANDSAT_LC08_C02_T1_LC08_049019_20150628_1192948_100000_1435518622610.tif,3.06
LANDSAT_LC08_C02_T1_LC08_058014_20230313_2201401_100000_1678737876917.tif,0.05
LANDSAT_LC08_C02_T1_LC08_042018_20131214_406QLD0_100000_1387045733658.tif,0.47
LANDSAT_LC08_C02_T1_LC08_044018_20130907_2202203_100000_1378579303882.tif,4.75
LANDSAT_LC08_C02_T1_LC08_035022_20150101_5050919_100000_1420134342333.tif,3.41
LANDSAT_LC08_C02_T1_LC08_044018_20140910_2202203_100000_1410374391328.tif,0.1
LANDSAT_LC08_C02_T1_LC08_042024_20140827_3031092_100000_1409164188732.tif,2.79
LANDSAT_LC08_C02_T1_LC08_058014_20230225_2201401_100000_1677355481939.tif,1.91
LANDSAT_LC08_C02_T1_LC08_042018_20170208_406QLD0_100000_1486578439158.tif,0.31
LANDSAT_LC08_C02_T1_LC08_057014_20140209_2201401_100000_1391975963277.tif,3.22
LANDSAT_LC08_C02_T1_LC08_043018_20190410_2202203_100000_1554921181403.tif,1.68
LANDSAT_LC08_C02_T1_LC08_057014_20220130_2201401_100000_1643572716057.tif,1.68
LANDSAT_LC08_C02_T1_LC08_047023_20230503_1096631_100000_1683140381180.tif,3.52
LANDSAT_LC08_C02_T1_LC08_042018_20170413_406QLD0_100000_1492108009300.tif,0.03
LANDSAT_LC08_C02_T1_LC08_041018_20180220_406QLD0_100000_1519150856436.tif,0.05
LANDSAT_LC08_C02_T1_LC08_037024_20241107_4022359_100000_1731002331391.tif,1.67
LANDSAT_LC08_C02_T1_LC08_043018_20220301_2202203_100000_1646159612968.tif,0.01
LANDSAT_LC08_C02_T1_LC08_041019_20150519_406QLD0_100000_1432059636435.tif,0.22
LANDSAT_LC08_C02_T1_LC08_042018_20170515_406QLD0_100000_1494872807156.tif,4.83
LANDSAT_LC08_C02_T1_LC08_044018_20150201_2202203_100000_1422815979540.tif,0.13
LANDSAT_LC08_C02_T1_LC08_034022_20140515_5050919_100000_1400175542613.tif,0.4
LANDSAT_LC08_C02_T1_LC08_049019_20200929_1192948_100000_1601406679049.tif,1.54
LANDSAT_LC08_C02_T1_LC08_044018_20170801_2202203_100000_1501612780645.tif,3.13
LANDSAT_LC08_C02_T1_LC08_042018_20140624_406QLD0_100000_1403634423625.tif,3.56
LANDSAT_LC08_C02_T1_LC08_043018_20241016_2202203_100000_1729103615553.tif,1.96
LANDSAT_LC08_C02_T1_LC08_044018_20200318_2202203_100000_1584556772392.tif,1.17
LANDSAT_LC08_C02_T1_LC08_041018_20220303_406QLD0_100000_1646331670966.tif,0.0
LANDSAT_LC08_C02_T1_LC08_042018_20181228_406QLD0_100000_1546021633552.tif,3.28
LANDSAT_LC08_C02_T1_LC08_044018_20210625_2202203_100000_1624646375422.tif,4.59
LANDSAT_LC08_C02_T1_LC08_034022_20240408_5050919_100000_1712597945826.tif,2.47
LANDSAT_LC08_C02_T1_LC08_041019_20170929_406QLD0_100000_1506709307584.tif,0.02
LANDSAT_LC08_C02_T1_LC08_048023_20151230_1096631_100000_1451502392100.tif,1.3
LANDSAT_LC08_C02_T1_LC08_037024_20221017_4022359_100000_1666029562787.tif,0.15
LANDSAT_LC08_C02_T1_LC08_058014_20190302_2201401_100000_1551557058951.tif,0.08
LANDSAT_LC08_C02_T1_LC08_048023_20140226_1096631_100000_1393441626802.tif,3.58
LANDSAT_LC08_C02_T1_LC08_058013_20200405_2201401_100000_1586117034324.tif,4.28
LANDSAT_LC08_C02_T1_LC08_058014_20191113_2201401_100000_1573675499742.tif,1.93
LANDSAT_LC08_C02_T1_LC08_043018_20210125_2202203_100000_1611599620236.tif,2.58
LANDSAT_LC08_C02_T1_LC08_042023_20140811_3012202_100000_1407781763308.tif,0.01
LANDSAT_LC08_C02_T1_LC08_043018_20220418_2202203_100000_1650306801393.tif,0.04
LANDSAT_LC08_C02_T1_LC08_037024_20211030_4022359_100000_1635616755927.tif,3.85
LANDSAT_LC08_C02_T1_LC08_041018_20150228_406QLD0_100000_1425147656652.tif,2.26
LANDSAT_LC08_C02_T1_LC08_043024_20131205_3050519_100000_1386268652254.tif,4.11
LANDSAT_LC08_C02_T1_LC08_042024_20161003_3031092_100000_1475519399855.tif,4.91
LANDSAT_LC08_C02_T1_LC08_049019_20220106_1192948_100000_1641496275174.tif,1.22
LANDSAT_LC08_C02_T1_LC08_042018_20240331_406QLD0_100000_1711909617668.tif,0.59
LANDSAT_LC08_C02_T1_LC08_042018_20160629_406QLD0_100000_1467224830942.tif,0.25
LANDSAT_LC08_C02_T1_LC08_035025_20130331_4022359_100000_1364752008789.tif,3.13
LANDSAT_LC08_C02_T1_LC08_049019_20210204_1192948_100000_1612465867764.tif,0.4
LANDSAT_LC08_C02_T1_LC08_042023_20130925_3012202_100000_1380133872813.tif,3.04
LANDSAT_LC08_C02_T1_LC08_043024_20131018_3050519_100000_1382121465304.tif,4.04
LANDSAT_LC08_C02_T1_LC08_042018_20200320_406QLD0_100000_1584728829684.tif,0.36
LANDSAT_LC08_C02_T1_LC08_043018_20180407_2202203_100000_1523125975257.tif,0.0
LANDSAT_LC08_C02_T1_LC08_049019_20180519_1192948_100000_1526756998110.tif,0.04
LANDSAT_LC08_C02_T1_LC08_041018_20131105_406QLD0_100000_1383675775095.tif,1.59
LANDSAT_LC08_C02_T1_LC08_044018_20221002_2202203_100000_1664736020121.tif,0.13
LANDSAT_LC08_C02_T1_LC08_042018_20240502_406QLD0_100000_1714674400720.tif,3.44
LANDSAT_LC08_C02_T1_LC08_044018_20170529_2202203_100000_1496083157584.tif,0.34
LANDSAT_LC08_C02_T1_LC08_058014_20190910_2201401_100000_1568145893225.tif,4.83
LANDSAT_LC08_C02_T1_LC08_042018_20161222_406QLD0_100000_1482431255147.tif,0.98
LANDSAT_LC08_C02_T1_LC08_043018_20200224_2202203_100000_1582569211349.tif,0.77
LANDSAT_LC08_C02_T1_LC08_041019_20190223_406QLD0_100000_1550946076614.tif,0.25
LANDSAT_LC08_C02_T1_LC08_041019_20220420_406QLD0_100000_1650478883071.tif,0.0
LANDSAT_LC08_C02_T1_LC08_049019_20200117_1192948_100000_1579288270437.tif,0.39
LANDSAT_LC08_C02_T1_LC08_042023_20130824_3012202_100000_1377369082997.tif,4.95
LANDSAT_LC08_C02_T1_LC08_041024_20220911_3031092_100000_1662920650095.tif,0.07
LANDSAT_LC08_C02_T1_LC08_059013_20140412_2201401_100000_1397333427438.tif,0.0
LANDSAT_LC08_C02_T1_LC08_058013_20211102_2201401_100000_1635883479899.tif,4.78
LANDSAT_LC08_C02_T1_LC08_044018_20200114_2202203_100000_1579027193227.tif,1.52
LANDSAT_LC08_C02_T1_LC08_058014_20210323_2201401_100000_1616529867051.tif,0.0
LANDSAT_LC08_C02_T1_LC08_058014_20231108_2201401_100000_1699473886608.tif,0.14
LANDSAT_LC08_C02_T1_LC08_041018_20140601_406QLD0_100000_1401646846710.tif,0.08
LANDSAT_LC08_C02_T1_LC08_044018_20160323_2202203_100000_1458758367598.tif,0.02
LANDSAT_LC08_C02_T1_LC08_042018_20240806_406QLD0_100000_1722968813651.tif,2.35
LANDSAT_LC08_C02_T1_LC08_057014_20230218_2201401_100000_1676750319797.tif,3.28
LANDSAT_LC08_C02_T1_LC08_057014_20140329_2201401_100000_1396123121794.tif,0.06
LANDSAT_LC08_C02_T1_LC08_044018_20190316_2202203_100000_1552761558144.tif,2.4
LANDSAT_LC08_C02_T1_LC08_042018_20230430_406QLD0_100000_1682879209791.tif,2.38
LANDSAT_LC08_C02_T1_LC08_043018_20220213_2202203_100000_1644777217011.tif,1.12
LANDSAT_LC08_C02_T1_LC08_048023_20190224_1096631_100000_1551035167548.tif,1.99
LANDSAT_LC08_C02_T1_LC08_043018_20150805_2202203_100000_1438799589031.tif,4.75
LANDSAT_LC08_C02_T1_LC08_042024_20180822_3031092_100000_1534962553728.tif,0.43
LANDSAT_LC08_C02_T1_LC08_035022_20160120_5050919_100000_1453311945971.tif,0.49
LANDSAT_LC08_C02_T1_LC08_041018_20190122_406QLD0_100000_1548181258363.tif,3.72
LANDSAT_LC08_C02_T1_LC08_035022_20130604_5050919_100000_1370368063370.tif,1.19
LANDSAT_LC08_C02_T1_LC08_043018_20200412_2202203_100000_1586716388890.tif,0.01
LANDSAT_LC08_C02_T1_LC08_037024_20230121_4022359_100000_1674323950040.tif,2.24
LANDSAT_LC08_C02_T1_LC08_041018_20230829_406QLD0_100000_1693333270105.tif,0.41
LANDSAT_LC08_C02_T1_LC08_049019_20150916_1192948_100000_1442430657143.tif,0.86
LANDSAT_LC08_C02_T1_LC08_041019_20170625_406QLD0_100000_1498414879514.tif,0.08
LANDSAT_LC08_C02_T1_LC08_041018_20160809_406QLD0_100000_1470766871930.tif,2.97
LANDSAT_LC08_C02_T1_LC08_058014_20240228_2201401_100000_1709150678039.tif,0.93
LANDSAT_LC08_C02_T1_LC08_057014_20161028_2201401_100000_1477684728748.tif,0.11
LANDSAT_LC08_C02_T1_LC08_037024_20191228_4022359_100000_1577555944490.tif,0.02
LANDSAT_LC08_C02_T1_LC08_042024_20150627_3031092_100000_1435429745343.tif,2.0
LANDSAT_LC08_C02_T1_LC08_037024_20230801_4022359_100000_1690912720843.tif,0.39
LANDSAT_LC08_C02_T1_LC08_043018_20180423_2202203_100000_1524508365862.tif,0.62
LANDSAT_LC08_C02_T1_LC08_049019_20210730_1192948_100000_1627672263302.tif,1.34
LANDSAT_LC08_C02_T1_LC08_042018_20180923_406QLD0_100000_1537727221185.tif,2.95
LANDSAT_LC08_C02_T1_LC08_041024_20180103_3031092_100000_1515003821690.tif,2.93
LANDSAT_LC08_C02_T1_LC08_042018_20160325_406QLD0_100000_1458930424606.tif,3.37
LANDSAT_LC08_C02_T1_LC08_037024_20160306_4022359_100000_1457287123046.tif,4.76
LANDSAT_LC08_C02_T1_LC08_042018_20130418_406QLD0_100000_1366309749115.tif,0.0
LANDSAT_LC08_C02_T1_LC08_049019_20211205_1192948_100000_1638731482302.tif,1.95
LANDSAT_LC08_C02_T1_LC08_042024_20190302_3031092_100000_1551551364716.tif,0.35
LANDSAT_LC08_C02_T1_LC08_058013_20210323_2201401_100000_1616529843172.tif,0.0
LANDSAT_LC08_C02_T1_LC08_037024_20210131_4022359_100000_1612115938036.tif,0.46
LANDSAT_LC08_C02_T1_LC08_041018_20230202_406QLD0_100000_1675362093081.tif,1.37
LANDSAT_LC08_C02_T1_LC08_042024_20170803_3031092_100000_1501784983124.tif,0.95
LANDSAT_LC08_C02_T1_LC08_043018_20170810_2202203_100000_1502390013223.tif,2.47
LANDSAT_LC08_C02_T1_LC08_043018_20191003_2202203_100000_1570127633558.tif,0.0
LANDSAT_LC08_C02_T1_LC08_057014_20210908_2201401_100000_1631131123452.tif,4.67
LANDSAT_LC08_C02_T1_LC08_044018_20181023_2202203_100000_1540319975569.tif,2.26
LANDSAT_LC08_C02_T1_LC08_058014_20200507_2201401_100000_1588881842366.tif,0.08
LANDSAT_LC08_C02_T1_LC08_058013_20140624_2201401_100000_1403640237246.tif,4.3
LANDSAT_LC08_C02_T1_LC08_041019_20170321_406QLD0_100000_1490120473015.tif,1.77
LANDSAT_LC08_C02_T1_LC08_042024_20230329_3050519_100000_1680114572571.tif,2.68
LANDSAT_LC08_C02_T1_LC08_043018_20210330_2202203_100000_1617129198776.tif,0.02
LANDSAT_LC08_C02_T1_LC08_049019_20171226_1192948_100000_1514315471405.tif,1.03
LANDSAT_LC08_C02_T1_LC08_041018_20230306_406QLD0_100000_1678126870603.tif,0.04
LANDSAT_LC08_C02_T1_LC08_058014_20190403_2201401_100000_1554321850394.tif,0.16
LANDSAT_LC08_C02_T1_LC08_035022_20131229_5050919_100000_1388339225697.tif,0.1
LANDSAT_LC08_C02_T1_LC08_042018_20240111_406QLD0_100000_1704997648385.tif,1.23
LANDSAT_LC08_C02_T1_LC08_058013_20170312_2201401_100000_1489349039657.tif,0.02
LANDSAT_LC08_C02_T1_LC08_057014_20190207_2201401_100000_1549569493283.tif,0.45
LANDSAT_LC08_C02_T1_LC08_042018_20140405_406QLD0_100000_1396722451036.tif,4.96
LANDSAT_LC08_C02_T1_LC08_042024_20191012_3031092_100000_1570905007464.tif,4.34
LANDSAT_LC08_C02_T1_LC08_058013_20200523_2201401_100000_1590264221320.tif,2.44
LANDSAT_LC08_C02_T1_LC08_042018_20180705_406QLD0_100000_1530815186604.tif,1.79
LANDSAT_LC08_C02_T1_LC08_041019_20210503_406QLD0_100000_1620066064923.tif,0.05
LANDSAT_LC08_C02_T1_LC08_041018_20230930_406QLD0_100000_1696098077677.tif,0.37
LANDSAT_LC08_C02_T1_LC08_049019_20170804_1192948_100000_1501873859833.tif,4.06
LANDSAT_LC08_C02_T1_LC08_049019_20230517_1192948_100000_1684350615638.tif,2.77
LANDSAT_LC08_C02_T1_LC08_043018_20230131_2202203_100000_1675190034827.tif,1.72
LANDSAT_LC08_C02_T1_LC08_041019_20170812_406QLD0_100000_1502562096111.tif,0.26
LANDSAT_LC08_C02_T1_LC08_049019_20230704_1192948_100000_1688497839518.tif,1.02
LANDSAT_LC08_C02_T1_LC08_037024_20150421_4022359_100000_1429639091841.tif,0.02
LANDSAT_LC08_C02_T1_LC08_048023_20161216_1096631_100000_1481915200984.tif,0.34
LANDSAT_LC08_C02_T1_LC08_041019_20240205_406QLD0_100000_1707157299933.tif,3.65
LANDSAT_LC08_C02_T1_LC08_044018_20200130_2202203_100000_1580409588347.tif,3.7
LANDSAT_LC08_C02_T1_LC08_041025_20240221_3031092_100000_1708539840830.tif,1.6
LANDSAT_LC08_C02_T1_LC08_058013_20240416_2201401_100000_1713297825249.tif,0.0
LANDSAT_LC08_C02_T1_LC08_043018_20140207_2202203_100000_1391798069815.tif,3.74
LANDSAT_LC08_C02_T1_LC08_049019_20210628_1192948_100000_1624907453928.tif,1.61
LANDSAT_LC08_C02_T1_LC08_042024_20210713_3031092_100000_1626200978794.tif,3.47
LANDSAT_LC08_C02_T1_LC08_043018_20231014_2202203_100000_1697308421743.tif,0.08
LANDSAT_LC08_C02_T1_LC08_042018_20190129_406QLD0_100000_1548786427496.tif,1.41
LANDSAT_LC08_C02_T1_LC08_041018_20240205_406QLD0_100000_1707157276050.tif,0.51
LANDSAT_LC08_C02_T1_LC08_043018_20240118_2202203_100000_1705602818279.tif,4.38
LANDSAT_LC08_C02_T1_LC08_037024_20151030_4022359_100000_1446227936668.tif,1.92
LANDSAT_LC08_C02_T1_LC08_057014_20210212_2201401_100000_1613159913079.tif,0.78
LANDSAT_LC08_C02_T1_LC08_043018_20210415_2202203_100000_1618511593047.tif,0.22
LANDSAT_LC08_C02_T1_LC08_057014_20140313_2201401_100000_1394740739305.tif,0.08
LANDSAT_LC08_C02_T1_LC08_057014_20180409_2201401_100000_1523303870007.tif,0.12
LANDSAT_LC08_C02_T1_LC08_057014_20130401_2201401_100000_1364846370608.tif,3.86
LANDSAT_LC08_C02_T1_LC08_058013_20170718_2201401_100000_1500408245964.tif,2.66
LANDSAT_LC08_C02_T1_LC08_041018_20150417_406QLD0_100000_1429294833177.tif,4.46
LANDSAT_LC08_C02_T1_LC08_041025_20161129_3031092_100000_1480443857402.tif,3.34
LANDSAT_LC08_C02_T1_LC08_058014_20141115_2201401_100000_1416081891191.tif,0.06
LANDSAT_LC08_C02_T1_LC08_041018_20230218_406QLD0_100000_1676744482331.tif,0.19
LANDSAT_LC08_C02_T1_LC08_049019_20170124_1192948_100000_1485285066630.tif,1.84
LANDSAT_LC08_C02_T1_LC08_058013_20190505_2201401_100000_1557086622426.tif,0.0
LANDSAT_LC08_C02_T1_LC08_041019_20190122_406QLD0_100000_1548181282241.tif,4.01
LANDSAT_LC08_C02_T1_LC08_044018_20151218_2202203_100000_1450463991011.tif,0.69
LANDSAT_LC08_C02_T1_LC08_057014_20220215_2201401_100000_1644955111929.tif,4.61
LANDSAT_LC08_C02_T1_LC08_049019_20230720_1192948_100000_1689880242202.tif,2.26
LANDSAT_LC08_C02_T1_LC08_037025_20131008_4022359_100000_1381255267340.tif,2.88
LANDSAT_LC08_C02_T1_LC08_041019_20230306_406QLD0_100000_1678126894477.tif,0.04
LANDSAT_LC08_C02_T1_LC08_041024_20140313_3031092_100000_1394735045016.tif,1.21
LANDSAT_LC08_C02_T1_LC08_057014_20150417_2201401_100000_1429300670723.tif,0.5
LANDSAT_LC08_C02_T1_LC08_035022_20131111_5050919_100000_1384192044662.tif,4.99
LANDSAT_LC08_C02_T1_LC08_041019_20220810_406QLD0_100000_1660155724077.tif,0.4
LANDSAT_LC08_C02_T1_LC08_042018_20230313_406QLD0_100000_1678732039391.tif,0.0
LANDSAT_LC08_C02_T1_LC08_037024_20150710_4022359_100000_1436551100670.tif,1.07
LANDSAT_LC08_C02_T1_LC08_057014_20161113_2201401_100000_1479067127628.tif,0.03
LANDSAT_LC08_C02_T1_LC08_048023_20190702_1096631_100000_1562094379832.tif,1.2
LANDSAT_LC08_C02_T1_LC08_058013_20140320_2201401_100000_1395345879830.tif,0.0
LANDSAT_LC08_C02_T1_LC08_042018_20180211_406QLD0_100000_1518373630658.tif,0.05
LANDSAT_LC08_C02_T1_LC08_037024_20151014_4022359_100000_1444845530349.tif,0.01
LANDSAT_LC08_C02_T1_LC08_041019_20131121_406QLD0_100000_1385058189942.tif,1.85
LANDSAT_LC08_C02_T1_LC08_042018_20200405_406QLD0_100000_1586111220655.tif,2.27
LANDSAT_LC08_C02_T1_LC08_048023_20190328_1096631_100000_1553799958686.tif,3.13
LANDSAT_LC08_C02_T1_LC08_044018_20170817_2202203_100000_1502995186134.tif,2.74
LANDSAT_LC08_C02_T1_LC08_042018_20171225_406QLD0_100000_1514226452095.tif,3.58
LANDSAT_LC08_C02_T1_LC08_042018_20131230_406QLD0_100000_1388428125385.tif,2.45
LANDSAT_LC08_C02_T1_LC08_037025_20140925_4022359_100000_1411667959157.tif,0.04
LANDSAT_LC08_C02_T1_LC08_058013_20200201_2201401_100000_1580587459549.tif,4.13
LANDSAT_LC08_C02_T1_LC08_058013_20160410_2201401_100000_1460318631567.tif,0.0
LANDSAT_LC08_C02_T1_LC08_057014_20240324_2201401_100000_1711310288035.tif,0.35
LANDSAT_LC08_C02_T1_LC08_058013_20230209_2201401_100000_1675973074838.tif,0.13
LANDSAT_LC08_C02_T1_LC08_041025_20220927_3031092_100000_1664303076121.tif,1.75
LANDSAT_LC08_C02_T1_LC08_041019_20230218_406QLD0_100000_1676744506209.tif,0.08
LANDSAT_LC08_C02_T1_LC08_042024_20180806_3031092_100000_1533580145450.tif,1.73
LANDSAT_LC08_C02_T1_LC08_041025_20140209_3031092_100000_1391970292930.tif,3.16
LANDSAT_LC08_C02_T1_LC08_041019_20141124_406QLD0_100000_1416853305004.tif,2.2
LANDSAT_LC08_C02_T1_LC08_043018_20170607_2202203_100000_1496860391088.tif,0.53
LANDSAT_LC08_C02_T1_LC08_057014_20240628_2201401_100000_1719604664894.tif,2.94
LANDSAT_LC08_C02_T1_LC08_041019_20150316_406QLD0_100000_1426530069595.tif,0.02
LANDSAT_LC08_C02_T1_LC08_057014_20180308_2201401_100000_1520539085669.tif,0.01
LANDSAT_LC08_C02_T1_LC08_043018_20200428_2202203_100000_1588098781146.tif,0.18
LANDSAT_LC08_C02_T1_LC08_042018_20240228_406QLD0_100000_1709144840552.tif,1.53
LANDSAT_LC08_C02_T1_LC08_048023_20140906_1096631_100000_1410030393283.tif,0.03
LANDSAT_LC08_C02_T1_LC08_037024_20150912_4022359_100000_1442080724766.tif,0.06
LANDSAT_LC08_C02_T1_LC08_042024_20160816_3031092_100000_1471372188875.tif,0.55
LANDSAT_LC08_C02_T1_LC08_043018_20211227_2202203_100000_1640630028134.tif,1.33
LANDSAT_LC08_C02_T1_LC08_041019_20231219_406QLD0_100000_1703010107085.tif,2.38
LANDSAT_LC08_C02_T1_LC08_043018_20210618_2202203_100000_1624041202949.tif,0.76
LANDSAT_LC08_C02_T1_LC08_041019_20220826_406QLD0_100000_1661538126240.tif,0.04
LANDSAT_LC08_C02_T1_LC08_043018_20230320_2202203_100000_1679337205164.tif,0.65
LANDSAT_LC08_C02_T1_LC08_042018_20160410_406QLD0_100000_1460312817908.tif,0.0
LANDSAT_LC08_C02_T1_LC08_041018_20141124_406QLD0_100000_1416853281121.tif,0.42
LANDSAT_LC08_C02_T1_LC08_049019_20170108_1192948_100000_1483902671831.tif,2.99
LANDSAT_LC08_C02_T1_LC08_058013_20150510_2201401_100000_1431288198481.tif,1.58
LANDSAT_LC08_C02_T1_LC08_041018_20200617_406QLD0_100000_1592418050278.tif,0.0
LANDSAT_LC08_C02_T1_LC08_041025_20230101_3031092_100000_1672597462401.tif,3.23
LANDSAT_LC08_C02_T1_LC08_049019_20160106_1192948_100000_1452107464513.tif,0.08
LANDSAT_LC08_C02_T1_LC08_041018_20141226_406QLD0_100000_1419618075282.tif,0.87
LANDSAT_LC08_C02_T1_LC08_041018_20190223_406QLD0_100000_1550946052736.tif,0.09
LANDSAT_LC08_C02_T1_LC08_058013_20240603_2201401_100000_1717444999073.tif,0.02
LANDSAT_LC08_C02_T1_LC08_035022_20140114_5050919_100000_1389721610569.tif,0.07
LANDSAT_LC08_C02_T1_LC08_042018_20151220_406QLD0_100000_1450636049538.tif,0.17
LANDSAT_LC08_C02_T1_LC08_049019_20150103_1192948_100000_1420312262932.tif,1.12
LANDSAT_LC08_C02_T1_LC08_041024_20131207_3031092_100000_1386440710157.tif,0.21
LANDSAT_LC08_C02_T1_LC08_041019_20131105_406QLD0_100000_1383675798969.tif,1.23
LANDSAT_LC08_C02_T1_LC08_057014_20131105_2201401_100000_1383681612650.tif,1.38
LANDSAT_LC08_C02_T1_LC08_049019_20230821_1192948_100000_1692645059398.tif,2.08
LANDSAT_LC08_C02_T1_LC08_058013_20190708_2201401_100000_1562616250328.tif,2.78
LANDSAT_LC08_C02_T1_LC08_042024_20210627_3031092_100000_1624818577460.tif,1.42
LANDSAT_LC08_C02_T1_LC08_041019_20240120_406QLD0_100000_1705774899324.tif,0.83
LANDSAT_LC08_C02_T1_LC08_041025_20160419_3031092_100000_1461090210423.tif,0.6
LANDSAT_LC08_C02_T1_LC08_044018_20170310_2202203_100000_1489171168868.tif,0.18
LANDSAT_LC08_C02_T1_LC08_041018_20191208_406QLD0_100000_1575829288821.tif,1.36
