Latitude,Longitude,Elevation,Cloud Cover Over Land,t0 Temp (°C),t0 Dew Point Temp (°C),t0 Rel Hum (%),t0 Wind Dir (10s deg),t0 Wind Spd (km/h),t0 Stn Press (kPa),t1 Temp (°C),t1 Dew Point Temp (°C),t1 Rel Hum (%),t1 Wind Dir (10s deg),t1 Wind Spd (km/h),t1 Stn Press (kPa),t2 Temp (°C),t2 Dew Point Temp (°C),t2 Rel Hum (%),t2 Wind Dir (10s deg),t2 Wind Spd (km/h),t2 Stn Press (kPa),t3 Temp (°C),t3 Dew Point Temp (°C),t3 Rel Hum (%),t3 Wind Dir (10s deg),t3 Wind Spd (km/h),t3 Stn Press (kPa),t4 Temp (°C),t4 Dew Point Temp (°C),t4 Rel Hum (%),t4 Wind Dir (10s deg),t4 Wind Spd (km/h),t4 Stn Press (kPa),t5 Temp (°C),t5 Dew Point Temp (°C),t5 Rel Hum (%),t5 Wind Dir (10s deg),t5 Wind Spd (km/h),t5 Stn Press (kPa),t6 Temp (°C),t6 Dew Point Temp (°C),t6 Rel Hum (%),t6 Wind Dir (10s deg),t6 Wind Spd (km/h),t6 Stn Press (kPa),t7 Temp (°C),t7 Dew Point Temp (°C),t7 Rel Hum (%),t7 Wind Dir (10s deg),t7 Wind Spd (km/h),t7 Stn Press (kPa),t8 Temp (°C),t8 Dew Point Temp (°C),t8 Rel Hum (%),t8 Wind Dir (10s deg),t8 Wind Spd (km/h),t8 Stn Press (kPa),t9 Temp (°C),t9 Dew Point Temp (°C),t9 Rel Hum (%),t9 Wind Dir (10s deg),t9 Wind Spd (km/h),t9 Stn Press (kPa),t10 Temp (°C),t10 Dew Point Temp (°C),t10 Rel Hum (%),t10 Wind Dir (10s deg),t10 Wind Spd (km/h),t10 Stn Press (kPa),t11 Temp (°C),t11 Dew Point Temp (°C),t11 Rel Hum (%),t11 Wind Dir (10s deg),t11 Wind Spd (km/h),t11 Stn Press (kPa),t12 Temp (°C),t12 Dew Point Temp (°C),t12 Rel Hum (%),t12 Wind Dir (10s deg),t12 Wind Spd (km/h),t12 Stn Press (kPa),t13 Temp (°C),t13 Dew Point Temp (°C),t13 Rel Hum (%),t13 Wind Dir (10s deg),t13 Wind Spd (km/h),t13 Stn Press (kPa),t14 Temp (°C),t14 Dew Point Temp (°C),t14 Rel Hum (%),t14 Wind Dir (10s deg),t14 Wind Spd (km/h),t14 Stn Press (kPa),t15 Temp (°C),t15 Dew Point Temp (°C),t15 Rel Hum (%),t15 Wind Dir (10s deg),t15 Wind Spd (km/h),t15 Stn Press (kPa),t16 Temp (°C),t16 Dew Point Temp (°C),t16 Rel Hum (%),t16 Wind Dir (10s deg),t16 Wind Spd (km/h),t16 Stn Press (kPa),t17 Temp (°C),t17 Dew Point Temp (°C),t17 Rel Hum (%),t17 Wind Dir (10s deg),t17 Wind Spd (km/h),t17 Stn Press (kPa),t18 Temp (°C),t18 Dew Point Temp (°C),t18 Rel Hum (%),t18 Wind Dir (10s deg),t18 Wind Spd (km/h),t18 Stn Press (kPa),t19 Temp (°C),t19 Dew Point Temp (°C),t19 Rel Hum (%),t19 Wind Dir (10s deg),t19 Wind Spd (km/h),t19 Stn Press (kPa),t20 Temp (°C),t20 Dew Point Temp (°C),t20 Rel Hum (%),t20 Wind Dir (10s deg),t20 Wind Spd (km/h),t20 Stn Press (kPa),t21 Temp (°C),t21 Dew Point Temp (°C),t21 Rel Hum (%),t21 Wind Dir (10s deg),t21 Wind Spd (km/h),t21 Stn Press (kPa),t22 Temp (°C),t22 Dew Point Temp (°C),t22 Rel Hum (%),t22 Wind Dir (10s deg),t22 Wind Spd (km/h),t22 Stn Press (kPa),t23 Temp (°C),t23 Dew Point Temp (°C),t23 Rel Hum (%),t23 Wind Dir (10s deg),t23 Wind Spd (km/h),t23 Stn Press (kPa),biomass modality,crowncover modality,fueltype modality,landcover modality,topography modality,satellite modality
53.03,-122.51,545.3,0.03,13.9,11.2,84.0,18.88,0.0,95.73,11.8,10.0,89.0,18.88,0.0,95.76,11.4,10.1,91.0,18.88,0.0,95.78,9.8,8.9,94.0,18.88,0.0,95.81,8.8,7.9,94.0,18.88,0.0,95.84,7.5,6.9,96.0,18.88,0.0,95.87,7.8,7.2,96.0,18.88,0.0,95.86,6.5,6.0,97.0,34.0,3.0,95.85,6.8,6.3,97.0,30.2,0.0,95.85,7.5,7.1,97.0,26.4,0.0,95.84,7.8,7.4,97.0,22.6,0.0,95.86,7.9,7.5,98.0,18.8,0.0,95.85,9.5,9.1,98.0,15.0,4.0,95.83,12.4,9.3,82.0,19.0,6.0,95.77,15.2,9.6,69.0,21.0,3.0,95.68,18.0,10.2,60.0,19.0,7.0,95.56,21.3,11.8,55.0,17.0,4.0,95.46,24.0,10.1,41.0,17.0,8.0,95.35,25.4,7.9,33.0,18.0,7.0,95.24,26.7,7.7,30.0,18.0,9.0,95.13,26.9,7.3,29.0,16.0,9.0,95.03,25.9,8.1,32.0,9.0,11.0,94.94,24.1,7.6,35.0,10.0,8.0,94.86,17.4,11.1,67.0,10.0,0.0,94.82,./biomass/BIOMASS_1096631.zarr,./crowncover/CROWN_COVER_1096631.zarr,./fueltype/FUEL_TYPE_1096631.zarr,./landcover/LANDCOVER_1096631.zarr,./topography/DEM_1096631.zarr,./satellite/LANDSAT_LC08_C02_T1_LC08_048023_20140906_1096631_100000_1410030393283.zarr
53.03,-122.51,545.3,0.11,10.9,1.2,51.0,22.14,0.0,95.74,7.7,0.5,60.0,22.14,0.0,95.76,5.7,0.1,67.0,22.14,0.0,95.76,5.1,0.6,72.0,22.14,0.0,95.77,3.4,-0.4,76.0,22.14,0.0,95.78,2.0,-1.2,79.0,22.14,0.0,95.8,1.8,-0.6,84.0,22.14,0.0,95.82,0.2,-1.7,87.0,22.14,0.0,95.84,0.2,-1.3,90.0,22.14,0.0,95.85,-0.7,-2.3,89.0,22.14,0.0,95.85,0.4,-1.3,89.0,22.14,0.0,95.85,4.2,0.3,76.0,22.14,0.0,95.84,7.6,0.4,60.0,22.14,0.0,95.81,9.8,0.6,53.0,22.0,4.0,95.76,13.9,0.3,39.0,16.0,4.0,95.7,16.4,-1.1,30.0,20.0,3.0,95.62,19.6,-1.1,25.0,18.0,3.0,95.53,21.3,-1.6,22.0,18.0,3.0,95.44,22.4,-2.0,19.0,22.0,4.0,95.37,23.5,-0.4,20.0,18.5,0.0,95.28,23.6,-1.2,19.0,15.0,3.0,95.22,23.8,-2.4,17.0,28.0,4.0,95.14,23.0,-0.4,21.0,33.0,4.0,95.09,19.2,0.8,29.0,33.0,0.0,95.04,./biomass/BIOMASS_1096631.zarr,./crowncover/CROWN_COVER_1096631.zarr,./fueltype/FUEL_TYPE_1096631.zarr,./landcover/LANDCOVER_1096631.zarr,./topography/DEM_1096631.zarr,./satellite/LANDSAT_LC08_C02_T1_LC08_048023_20180426_1096631_100000_1524769537763.zarr
53.03,-122.51,545.3,0.34,-25.0,-27.8,77.0,33.0,0.0,95.95,-25.9,-28.9,76.0,33.0,0.0,95.98,-26.0,-29.0,76.0,33.0,0.0,96.0,-26.8,-30.0,74.0,33.0,0.0,96.04,-27.1,-30.4,74.0,33.0,0.0,96.08,-26.7,-29.7,75.0,33.0,0.0,96.07,-27.5,-30.6,75.0,33.0,0.0,96.11,-26.8,-29.8,75.0,33.0,0.0,96.13,-27.9,-31.2,74.0,33.0,0.0,96.12,-26.7,-29.8,75.0,33.0,0.0,96.15,-28.1,-31.5,72.0,33.0,0.0,96.15,-26.9,-30.1,75.0,33.0,0.0,96.18,-26.5,-29.6,75.0,33.0,0.0,96.2,-25.5,-28.5,76.0,33.0,0.0,96.25,-24.8,-27.8,76.0,33.0,0.0,96.26,-24.0,-26.9,77.0,33.0,0.0,96.27,-23.1,-26.0,77.0,33.0,0.0,96.21,-21.7,-24.5,78.0,33.0,0.0,96.18,-20.8,-23.5,79.0,33.0,3.0,96.15,-21.2,-23.9,78.0,33.0,0.0,96.13,-23.3,-25.9,79.0,33.0,0.0,96.11,-24.1,-27.0,77.0,33.0,0.0,96.08,-24.4,-27.2,78.0,33.0,0.0,96.09,-22.7,-25.4,79.0,33.0,0.0,96.05,./biomass/BIOMASS_1096631.zarr,./crowncover/CROWN_COVER_1096631.zarr,./fueltype/FUEL_TYPE_1096631.zarr,./landcover/LANDCOVER_1096631.zarr,./topography/DEM_1096631.zarr,./satellite/LANDSAT_LC08_C02_T1_LC08_048023_20161216_1096631_100000_1481915200984.zarr
53.03,-122.51,545.3,0.35,4.7,3.1,89.0,15.24,0.0,95.9,3.0,2.1,94.0,15.24,0.0,95.93,2.5,1.6,94.0,15.24,0.0,95.97,3.3,2.3,94.0,15.24,0.0,96.02,2.5,1.7,95.0,15.24,0.0,96.03,3.6,2.9,95.0,18.0,4.0,96.06,4.6,3.5,92.0,13.0,3.0,96.07,4.0,3.5,96.0,13.62,0.0,96.08,3.3,3.1,98.0,14.25,0.0,96.11,2.4,2.1,98.0,14.88,0.0,96.11,1.9,1.8,100.0,15.5,0.0,96.1,2.3,2.3,100.0,16.12,0.0,96.11,3.6,3.4,98.0,16.75,0.0,96.11,6.1,4.1,87.0,17.38,0.0,96.08,8.3,4.2,76.0,18.0,5.0,96.03,11.6,4.7,63.0,16.0,7.0,95.93,13.8,4.4,53.0,15.0,11.0,95.81,15.8,3.5,44.0,15.0,13.0,95.68,17.2,3.7,40.0,16.0,12.0,95.58,17.9,3.6,39.0,14.0,12.0,95.48,17.2,3.5,40.0,14.0,11.0,95.42,16.2,4.1,45.0,14.0,9.0,95.38,15.7,4.0,45.0,14.0,13.0,95.32,11.0,4.4,64.0,14.0,0.0,95.32,./biomass/BIOMASS_1096631.zarr,./crowncover/CROWN_COVER_1096631.zarr,./fueltype/FUEL_TYPE_1096631.zarr,./landcover/LANDCOVER_1096631.zarr,./topography/DEM_1096631.zarr,./satellite/LANDSAT_LC08_C02_T1_LC08_048023_20181019_1096631_100000_1539975977078.zarr
53.03,-122.51,545.3,0.81,15.0,3.7,47.0,29.35,0.0,95.66,13.8,2.2,46.0,35.0,9.0,95.71,12.3,1.5,48.0,33.45,0.0,95.74,9.5,3.5,66.0,31.91,0.0,95.79,8.8,3.7,70.0,30.36,0.0,95.81,7.2,3.6,78.0,28.82,0.0,95.83,6.2,3.5,83.0,27.27,0.0,95.86,5.6,2.5,81.0,25.73,0.0,95.92,5.9,3.7,86.0,24.18,0.0,95.93,4.8,3.0,88.0,22.64,0.0,95.98,7.6,4.2,79.0,21.09,0.0,96.0,9.4,5.1,74.0,19.55,0.0,96.02,12.7,5.1,60.0,18.0,3.0,95.98,16.7,6.1,50.0,26.0,0.0,95.92,18.7,4.4,39.0,34.0,13.0,95.83,20.0,4.5,36.0,35.0,12.0,95.77,21.2,3.2,31.0,33.0,14.0,95.7,22.4,4.2,30.0,33.0,11.0,95.63,23.7,5.2,30.0,30.0,8.0,95.55,24.4,3.6,26.0,34.0,11.0,95.47,24.7,2.3,23.0,35.0,9.0,95.41,24.6,2.0,23.0,34.0,15.0,95.36,24.0,2.7,25.0,31.0,9.0,95.32,21.9,3.5,30.0,32.0,5.0,95.31,./biomass/BIOMASS_1096631.zarr,./crowncover/CROWN_COVER_1096631.zarr,./fueltype/FUEL_TYPE_1096631.zarr,./landcover/LANDCOVER_1096631.zarr,./topography/DEM_1096631.zarr,./satellite/LANDSAT_LC08_C02_T1_LC08_048023_20180512_1096631_100000_1526151927990.zarr
53.03,-122.51,545.3,1.2,16.6,12.1,75.0,34.0,7.0,95.18,13.2,11.3,88.0,36.0,5.0,95.24,10.9,10.0,94.0,36.0,4.0,95.27,10.5,9.9,96.0,36.0,3.0,95.27,9.0,8.6,98.0,36.0,4.0,95.3,8.3,7.8,97.0,27.5,0.0,95.33,7.3,7.2,99.0,19.0,0.0,95.35,8.3,8.3,100.0,10.5,0.0,95.39,7.9,7.9,100.0,2.0,4.0,95.42,8.0,8.0,100.0,17.5,0.0,95.46,8.1,8.1,100.0,33.0,4.0,95.49,9.1,9.1,100.0,34.0,5.0,95.49,13.8,12.0,89.0,34.0,4.0,95.47,16.9,9.6,62.0,28.0,5.0,95.45,20.4,5.8,38.0,31.0,10.0,95.38,22.1,5.2,33.0,29.0,12.0,95.32,23.2,4.9,30.0,27.0,15.0,95.27,24.6,5.0,28.0,29.0,10.0,95.2,25.0,2.8,24.0,34.0,17.0,95.13,25.8,3.8,24.0,36.0,9.0,95.07,25.9,2.5,22.0,33.0,17.0,95.04,25.7,2.1,22.0,33.0,13.0,94.98,25.3,0.5,20.0,34.0,11.0,94.94,25.3,4.5,26.0,32.0,4.0,94.93,./biomass/BIOMASS_1096631.zarr,./crowncover/CROWN_COVER_1096631.zarr,./fueltype/FUEL_TYPE_1096631.zarr,./landcover/LANDCOVER_1096631.zarr,./topography/DEM_1096631.zarr,./satellite/LANDSAT_LC08_C02_T1_LC08_048023_20190702_1096631_100000_1562094379832.zarr
53.03,-122.51,545.3,1.3,-6.8,-8.5,88.0,34.0,4.0,96.05,-7.0,-8.2,91.0,33.0,0.0,96.11,-7.0,-8.4,89.0,32.0,3.0,96.16,-7.1,-8.9,87.0,34.0,6.0,96.21,-7.3,-9.2,86.0,31.0,6.0,96.28,-7.5,-9.2,88.0,30.0,4.0,96.28,-7.8,-9.6,87.0,31.0,0.0,96.34,-8.0,-9.3,90.0,32.0,0.0,96.41,-8.1,-9.5,90.0,33.0,0.0,96.48,-8.1,-9.3,91.0,34.0,0.0,96.5,-8.3,-10.2,86.0,35.0,7.0,96.59,-8.6,-9.9,90.0,24.5,0.0,96.62,-8.5,-9.9,89.0,14.0,3.0,96.66,-8.5,-10.0,89.0,14.5,0.0,96.74,-8.6,-10.3,88.0,15.0,6.0,96.79,-8.5,-10.3,87.0,16.0,4.0,96.83,-8.4,-10.4,86.0,15.0,7.0,96.84,-8.4,-10.6,84.0,14.0,6.0,96.86,-8.5,-10.5,85.0,17.0,6.0,96.84,-8.4,-10.7,83.0,15.0,4.0,96.89,-8.5,-10.3,86.0,16.0,4.0,96.93,-8.6,-10.5,86.0,12.0,5.0,96.97,-8.7,-10.6,86.0,17.0,6.0,96.96,-8.8,-10.8,86.0,13.0,7.0,96.96,./biomass/BIOMASS_1096631.zarr,./crowncover/CROWN_COVER_1096631.zarr,./fueltype/FUEL_TYPE_1096631.zarr,./landcover/LANDCOVER_1096631.zarr,./topography/DEM_1096631.zarr,./satellite/LANDSAT_LC08_C02_T1_LC08_048023_20151230_1096631_100000_1451502392100.zarr
53.03,-122.51,545.3,1.99,-9.9,-14.3,70.0,32.0,16.0,96.01,-12.1,-15.8,74.0,32.0,7.0,96.04,-14.4,-17.0,81.0,35.0,4.0,96.11,-15.5,-17.9,82.0,34.0,6.0,96.17,-16.1,-19.1,78.0,34.0,10.0,96.21,-17.4,-19.8,82.0,34.0,7.0,96.26,-18.9,-21.2,82.0,35.0,7.0,96.27,-18.3,-21.2,78.0,34.0,10.0,96.28,-18.9,-20.9,84.0,34.0,7.0,96.26,-20.1,-21.8,86.0,34.0,6.0,96.25,-21.6,-23.4,86.0,34.25,0.0,96.25,-23.3,-24.8,87.0,34.5,0.0,96.25,-24.7,-26.4,85.0,34.75,0.0,96.26,-19.4,-21.8,81.0,35.0,4.0,96.28,-16.7,-21.5,66.0,34.0,9.0,96.23,-14.6,-20.8,59.0,35.0,12.0,96.16,-13.0,-19.7,57.0,35.0,11.0,96.11,-11.5,-19.5,51.0,34.0,4.0,96.04,-10.4,-18.3,52.0,31.0,9.0,95.97,-9.0,-17.5,50.0,35.0,6.0,95.91,-9.5,-17.9,51.0,35.0,9.0,95.88,-10.8,-18.8,52.0,35.0,10.0,95.87,-13.8,-19.7,61.0,35.0,12.0,95.87,-13.6,-19.0,64.0,33.0,13.0,95.89,./biomass/BIOMASS_1096631.zarr,./crowncover/CROWN_COVER_1096631.zarr,./fueltype/FUEL_TYPE_1096631.zarr,./landcover/LANDCOVER_1096631.zarr,./topography/DEM_1096631.zarr,./satellite/LANDSAT_LC08_C02_T1_LC08_048023_20190224_1096631_100000_1551035167548.zarr
53.03,-122.51,545.3,2.01,15.4,10.7,74.0,8.0,3.0,95.06,14.5,10.2,75.0,4.5,0.0,95.08,13.5,10.4,81.0,1.0,4.0,95.11,12.1,9.4,84.0,36.0,4.0,95.11,12.4,10.5,88.0,35.83,0.0,95.12,11.8,9.9,88.0,35.67,0.0,95.12,12.4,10.4,88.0,35.5,0.0,95.14,12.5,10.4,87.0,35.33,0.0,95.16,12.3,10.7,90.0,35.17,0.0,95.15,11.6,10.2,91.0,35.0,3.0,95.17,10.8,9.6,93.0,29.33,0.0,95.21,12.4,10.7,89.0,23.67,0.0,95.25,14.6,11.0,79.0,18.0,5.0,95.25,15.7,10.9,73.0,24.0,4.0,95.26,17.8,10.8,63.0,24.0,0.0,95.26,20.0,10.3,53.0,24.0,4.0,95.21,22.9,10.0,44.0,32.0,3.0,95.16,24.3,9.0,38.0,14.0,4.0,95.14,25.7,8.4,33.0,33.0,7.0,95.1,27.1,3.8,22.0,29.0,7.0,95.08,27.3,8.1,30.0,29.0,10.0,95.05,26.2,8.9,34.0,32.0,8.0,95.03,23.6,12.3,49.0,36.0,3.0,95.04,18.4,11.7,65.0,34.0,4.0,95.07,./biomass/BIOMASS_1096631.zarr,./crowncover/CROWN_COVER_1096631.zarr,./fueltype/FUEL_TYPE_1096631.zarr,./landcover/LANDCOVER_1096631.zarr,./topography/DEM_1096631.zarr,./satellite/LANDSAT_LC08_C02_T1_LC08_048023_20180816_1096631_100000_1534446351916.zarr
53.03,-122.51,545.3,3.13,2.9,2.3,96.0,26.67,0.0,95.42,1.5,1.2,98.0,26.67,0.0,95.47,0.3,0.3,100.0,26.67,0.0,95.52,-0.6,-0.6,100.0,26.67,0.0,95.56,-2.2,-2.2,100.0,26.67,0.0,95.59,-2.4,-2.4,100.0,26.67,0.0,95.61,-2.8,-2.8,100.0,26.67,0.0,95.64,-2.7,-2.7,100.0,26.67,0.0,95.67,-3.3,-3.3,100.0,26.67,0.0,95.71,-2.3,-2.3,100.0,26.67,0.0,95.75,-2.1,-2.1,100.0,26.67,0.0,95.78,-1.9,-1.9,100.0,26.67,0.0,95.83,-2.0,-2.0,100.0,28.0,4.0,95.87,-1.7,-1.7,100.0,22.5,0.0,95.88,-0.3,-0.3,100.0,17.0,4.0,95.9,1.5,1.2,97.0,15.0,5.0,95.87,6.0,0.5,68.0,15.0,5.0,95.82,9.0,-1.4,48.0,21.0,3.0,95.77,10.3,-2.8,40.0,27.0,3.0,95.72,12.1,-4.2,32.0,31.5,0.0,95.69,11.7,-5.6,29.0,36.0,5.0,95.69,10.2,-5.2,33.0,35.0,7.0,95.68,7.6,-3.5,45.0,36.0,6.0,95.69,3.0,-2.2,69.0,36.0,0.0,95.73,./biomass/BIOMASS_1096631.zarr,./crowncover/CROWN_COVER_1096631.zarr,./fueltype/FUEL_TYPE_1096631.zarr,./landcover/LANDCOVER_1096631.zarr,./topography/DEM_1096631.zarr,./satellite/LANDSAT_LC08_C02_T1_LC08_048023_20190328_1096631_100000_1553799958686.zarr
58.84,-122.57,380.2,0.0,14.4,-5.3,25.0,29.0,3.0,98.33,10.5,-2.5,40.0,30.0,1.0,98.36,8.7,-2.5,45.0,9.0,4.0,98.4,6.3,-2.2,55.0,31.0,3.0,98.4,4.6,-2.3,61.0,27.0,4.0,98.42,3.2,-2.7,65.0,29.0,3.0,98.41,2.3,-3.3,67.0,27.0,3.0,98.42,3.1,-2.0,69.0,19.0,6.0,98.44,2.7,-3.0,66.0,20.0,7.0,98.47,2.3,-3.0,68.0,18.0,7.0,98.48,3.8,-2.6,63.0,19.0,6.0,98.49,6.0,-2.4,55.0,19.0,6.0,98.52,9.7,-3.1,40.0,18.0,4.0,98.53,12.7,-3.6,32.0,19.0,5.0,98.51,16.5,-8.3,17.0,21.0,8.0,98.48,18.0,-8.3,16.0,25.0,6.0,98.42,18.9,-7.7,16.0,21.0,8.0,98.39,19.9,-7.0,16.0,27.0,5.0,98.34,20.1,-6.4,16.0,16.0,8.0,98.3,20.4,-6.7,15.0,23.0,6.0,98.25,20.3,-6.9,15.0,10.0,8.0,98.21,20.3,-7.0,15.0,18.0,8.0,98.17,19.9,-6.4,16.0,14.0,6.0,98.13,19.1,-6.3,17.0,17.0,7.0,98.1,./biomass/BIOMASS_1192948.zarr,./crowncover/CROWN_COVER_1192948.zarr,./fueltype/FUEL_TYPE_1192948.zarr,./landcover/LANDCOVER_1192948.zarr,./topography/DEM_1192948.zarr,./satellite/LANDSAT_LC08_C02_T1_LC08_049019_20160513_1192948_100000_1463166632705.zarr
58.84,-122.57,380.2,0.0,23.3,13.5,54.0,15.76,0.0,96.9,20.7,13.8,64.0,25.0,4.0,96.9,19.0,13.4,70.0,21.0,5.0,96.87,19.4,14.3,72.0,20.0,9.0,96.88,17.5,13.8,79.0,22.0,6.0,96.91,17.1,13.3,79.0,20.0,8.0,96.93,17.1,12.6,75.0,20.0,8.0,96.94,15.9,12.1,78.0,20.0,9.0,96.97,14.6,11.9,84.0,21.0,6.0,97.02,13.1,10.5,84.0,35.0,5.0,97.13,14.6,11.8,83.0,27.5,0.0,97.13,16.5,12.2,76.0,20.0,6.0,97.15,19.1,12.7,67.0,20.0,4.0,97.14,21.3,13.4,61.0,18.0,7.0,97.13,23.0,13.0,53.0,20.0,4.0,97.11,24.7,13.3,49.0,17.0,6.0,97.12,26.0,11.0,39.0,2.0,6.0,97.13,26.2,11.6,40.0,7.0,10.0,97.14,26.3,11.1,39.0,5.0,8.0,97.1,27.6,12.7,40.0,3.0,7.0,97.06,27.1,11.5,38.0,8.0,6.0,97.03,27.0,11.5,38.0,5.0,6.0,96.98,26.0,12.9,44.0,4.0,4.0,96.96,24.2,13.2,50.0,2.0,4.0,96.97,./biomass/BIOMASS_1192948.zarr,./crowncover/CROWN_COVER_1192948.zarr,./fueltype/FUEL_TYPE_1192948.zarr,./landcover/LANDCOVER_1192948.zarr,./topography/DEM_1192948.zarr,./satellite/LANDSAT_LC08_C02_T1_LC08_049019_20220818_1192948_100000_1660849892532.zarr
58.84,-122.57,380.2,0.04,23.1,0.9,23.0,15.0,8.0,96.93,21.3,1.3,27.0,16.0,8.0,96.95,19.9,1.4,29.0,17.0,8.0,96.94,18.5,1.7,32.0,21.0,8.0,96.96,16.9,2.8,39.0,19.0,7.0,96.95,14.7,3.1,46.0,17.0,5.0,96.95,10.9,3.7,61.0,27.0,4.0,96.95,10.3,2.9,60.0,29.0,0.0,96.94,9.4,3.3,66.0,31.0,0.0,96.97,10.8,3.9,62.0,33.0,0.0,97.02,11.3,3.9,61.0,35.0,5.0,97.04,14.4,4.4,51.0,1.0,7.0,97.08,16.2,4.5,46.0,31.0,5.0,97.07,17.7,4.0,40.0,33.0,6.0,97.04,19.4,4.8,38.0,1.0,6.0,97.0,21.2,5.7,36.0,4.0,8.0,96.94,22.5,4.2,30.0,17.0,6.0,96.87,24.4,5.1,29.0,12.0,4.0,96.77,26.3,4.1,24.0,34.0,4.0,96.67,27.3,1.6,19.0,22.0,6.0,96.57,27.4,0.9,18.0,8.0,6.0,96.47,27.4,0.3,17.0,10.0,8.0,96.41,26.8,0.0,17.0,11.0,6.0,96.36,25.9,-0.4,18.0,11.0,6.0,96.33,./biomass/BIOMASS_1192948.zarr,./crowncover/CROWN_COVER_1192948.zarr,./fueltype/FUEL_TYPE_1192948.zarr,./landcover/LANDCOVER_1192948.zarr,./topography/DEM_1192948.zarr,./satellite/LANDSAT_LC08_C02_T1_LC08_049019_20180519_1192948_100000_1526756998110.zarr
58.84,-122.57,380.2,0.08,-23.7,-26.2,80.0,34.0,3.0,97.29,-23.6,-25.9,81.0,21.0,3.0,97.28,-24.2,-26.6,80.0,10.5,0.0,97.36,-24.5,-27.0,80.0,0.0,1.0,97.37,-23.4,-25.7,81.0,4.75,0.0,97.39,-22.9,-25.2,81.0,9.5,0.0,97.44,-23.0,-25.3,81.0,14.25,0.0,97.5,-23.0,-25.3,81.0,19.0,3.0,97.53,-23.5,-25.9,81.0,18.0,2.0,97.59,-23.3,-25.6,81.0,20.0,2.0,97.61,-23.1,-25.5,81.0,20.0,3.0,97.64,-23.1,-25.4,81.0,20.0,4.0,97.66,-22.4,-24.7,82.0,22.0,2.0,97.7,-22.9,-25.3,81.0,19.0,2.0,97.74,-22.5,-24.8,81.0,19.0,2.0,97.8,-21.8,-24.1,82.0,21.0,2.0,97.83,-21.3,-23.6,82.0,19.0,2.0,97.82,-20.6,-22.8,82.0,19.0,0.0,97.83,-20.0,-22.2,83.0,19.0,0.0,97.84,-19.4,-21.4,84.0,19.0,0.0,97.87,-19.7,-21.7,84.0,19.0,0.0,97.87,-19.0,-20.9,85.0,19.0,0.0,97.89,-19.0,-21.0,84.0,19.0,0.0,97.92,-18.6,-20.5,85.0,19.0,0.0,97.91,./biomass/BIOMASS_1192948.zarr,./crowncover/CROWN_COVER_1192948.zarr,./fueltype/FUEL_TYPE_1192948.zarr,./landcover/LANDCOVER_1192948.zarr,./topography/DEM_1192948.zarr,./satellite/LANDSAT_LC08_C02_T1_LC08_049019_20160106_1192948_100000_1452107464513.zarr
58.84,-122.57,380.2,0.13,-21.3,-24.9,73.0,34.0,3.0,99.58,-22.9,-26.5,72.0,27.0,4.0,99.56,-24.0,-27.2,75.0,14.0,0.0,99.54,-25.7,-29.1,73.0,1.0,3.0,99.56,-26.2,-29.3,75.0,13.0,0.0,99.54,-26.2,-29.0,77.0,25.0,5.0,99.51,-25.3,-27.7,81.0,19.0,4.0,99.48,-25.7,-28.3,79.0,18.0,3.0,99.46,-26.3,-28.6,81.0,20.0,6.0,99.4,-25.8,-28.2,80.0,20.0,8.0,99.36,-26.0,-28.8,78.0,20.0,13.0,99.33,-26.0,-28.8,77.0,20.0,11.0,99.29,-26.3,-29.3,76.0,20.0,10.0,99.27,-24.0,-27.8,71.0,21.0,11.0,99.27,-21.4,-26.7,63.0,19.0,9.0,99.24,-17.0,-24.5,52.0,18.0,6.0,99.18,-14.0,-23.5,45.0,16.0,4.0,99.14,-11.1,-22.8,37.0,18.5,0.0,99.08,-8.2,-20.5,37.0,21.0,3.0,99.02,-7.3,-19.2,38.0,22.0,4.0,98.95,-6.8,-19.2,37.0,23.0,3.0,98.91,-6.7,-19.5,36.0,22.0,3.0,98.88,-9.0,-17.2,51.0,24.5,0.0,98.87,-13.1,-17.7,68.0,27.0,3.0,98.87,./biomass/BIOMASS_1192948.zarr,./crowncover/CROWN_COVER_1192948.zarr,./fueltype/FUEL_TYPE_1192948.zarr,./landcover/LANDCOVER_1192948.zarr,./topography/DEM_1192948.zarr,./satellite/LANDSAT_LC08_C02_T1_LC08_049019_20190303_1192948_100000_1551640240682.zarr
58.84,-122.57,380.2,0.18,7.3,-1.7,53.0,27.0,10.0,97.2,5.4,-0.9,64.0,28.0,6.0,97.24,4.7,-1.1,66.0,20.0,11.0,97.26,5.1,-1.6,62.0,17.0,12.0,97.29,4.9,-1.8,62.0,19.0,10.0,97.31,4.8,-2.1,61.0,20.0,12.0,97.34,3.2,-2.4,67.0,20.0,10.0,97.33,2.4,-2.7,69.0,19.0,9.0,97.33,2.0,-3.0,69.0,19.0,9.0,97.35,1.3,-3.3,71.0,19.0,9.0,97.37,-0.8,-4.5,76.0,20.0,4.0,97.37,0.1,-4.1,73.0,19.0,9.0,97.36,0.8,-3.9,71.0,19.0,7.0,97.36,2.6,-3.9,62.0,19.0,9.0,97.34,6.1,-3.8,49.0,17.0,7.0,97.32,10.0,-5.0,34.0,15.0,4.0,97.27,12.9,-5.3,28.0,16.67,0.0,97.21,14.6,-6.1,23.0,18.33,0.0,97.15,15.5,-5.0,24.0,20.0,6.0,97.09,16.4,-5.4,22.0,21.0,7.0,97.05,17.8,-6.8,18.0,18.0,3.0,97.01,17.0,-6.6,19.0,27.0,0.0,96.97,10.7,-5.9,31.0,36.0,3.0,96.92,6.9,-6.7,37.0,35.0,5.0,96.91,./biomass/BIOMASS_1192948.zarr,./crowncover/CROWN_COVER_1192948.zarr,./fueltype/FUEL_TYPE_1192948.zarr,./landcover/LANDCOVER_1192948.zarr,./topography/DEM_1192948.zarr,./satellite/LANDSAT_LC08_C02_T1_LC08_049019_20190319_1192948_100000_1553022635713.zarr
58.84,-122.57,380.2,0.24,-7.1,-17.0,45.0,30.0,3.0,98.06,-8.8,-17.3,50.0,28.57,0.0,98.04,-9.5,-17.3,53.0,27.14,0.0,98.02,-9.9,-17.6,53.0,25.71,0.0,98.01,-11.8,-17.8,61.0,24.29,0.0,97.99,-12.4,-16.6,71.0,22.86,0.0,98.0,-14.8,-18.8,72.0,21.43,0.0,97.97,-16.5,-19.7,76.0,20.0,3.0,97.94,-18.1,-21.5,75.0,20.5,0.0,97.91,-17.6,-19.4,86.0,21.0,3.0,97.9,-18.6,-20.4,86.0,20.0,3.0,97.87,-17.9,-21.3,75.0,21.0,4.0,97.84,-14.9,-19.4,69.0,19.0,6.0,97.8,-11.2,-18.6,54.0,19.5,0.0,97.76,-7.6,-17.6,44.0,20.0,3.0,97.71,-4.0,-18.0,33.0,24.0,0.0,97.64,-2.0,-21.0,22.0,28.0,3.0,97.56,-0.7,-20.8,20.0,25.0,3.0,97.49,-0.2,-19.4,22.0,21.0,0.0,97.42,0.4,-18.9,22.0,17.0,5.0,97.36,1.3,-19.1,20.0,24.0,3.0,97.31,0.3,-19.6,21.0,36.0,8.0,97.28,-0.8,-18.9,24.0,4.0,7.0,97.27,-2.5,-18.4,28.0,34.0,4.0,97.27,./biomass/BIOMASS_1192948.zarr,./crowncover/CROWN_COVER_1192948.zarr,./fueltype/FUEL_TYPE_1192948.zarr,./landcover/LANDCOVER_1192948.zarr,./topography/DEM_1192948.zarr,./satellite/LANDSAT_LC08_C02_T1_LC08_049019_20180401_1192948_100000_1522609827202.zarr
58.84,-122.57,380.2,0.26,-16.9,-19.0,84.0,18.48,0.0,98.23,-17.8,-19.7,85.0,19.0,3.0,98.18,-16.6,-18.5,85.0,20.0,8.0,98.11,-17.0,-19.0,84.0,19.0,7.0,98.09,-17.4,-19.5,84.0,19.0,6.0,98.08,-17.8,-20.0,83.0,19.0,8.0,98.06,-18.1,-20.3,83.0,19.0,8.0,98.04,-18.2,-20.4,83.0,20.0,8.0,98.03,-18.5,-20.8,82.0,20.0,7.0,98.02,-19.0,-21.3,82.0,20.0,10.0,98.0,-19.1,-21.4,82.0,20.0,8.0,97.98,-19.3,-21.6,82.0,20.0,8.0,97.98,-20.0,-22.4,81.0,20.0,8.0,97.98,-18.9,-21.5,80.0,19.0,10.0,97.97,-17.7,-20.3,80.0,20.0,9.0,97.94,-15.1,-18.1,78.0,20.0,6.0,97.93,-13.0,-17.8,67.0,17.0,5.0,97.87,-11.4,-17.5,60.0,20.33,0.0,97.79,-10.7,-17.2,59.0,23.67,0.0,97.72,-10.2,-16.9,58.0,27.0,4.0,97.65,-11.5,-16.0,69.0,20.5,0.0,97.52,-14.5,-17.5,78.0,14.0,0.0,97.43,-15.9,-18.3,82.0,7.5,0.0,97.33,-17.2,-19.7,81.0,1.0,4.0,97.26,./biomass/BIOMASS_1192948.zarr,./crowncover/CROWN_COVER_1192948.zarr,./fueltype/FUEL_TYPE_1192948.zarr,./landcover/LANDCOVER_1192948.zarr,./topography/DEM_1192948.zarr,./satellite/LANDSAT_LC08_C02_T1_LC08_049019_20171108_1192948_100000_1510168277182.zarr
58.84,-122.57,380.2,0.39,-32.3,-35.8,71.0,2.7,0.0,98.5,-32.7,-36.2,71.0,2.7,0.0,98.49,-32.6,-36.1,71.0,2.0,5.0,98.44,-31.7,-35.1,72.0,2.08,0.0,98.47,-32.0,-35.5,71.0,2.17,0.0,98.45,-31.6,-35.0,72.0,2.25,0.0,98.44,-31.4,-34.8,72.0,2.33,0.0,98.46,-31.1,-34.5,72.0,2.42,0.0,98.5,-30.7,-34.0,73.0,2.5,0.0,98.5,-30.3,-33.6,73.0,2.58,0.0,98.52,-29.8,-33.1,73.0,2.67,0.0,98.56,-29.9,-33.2,73.0,2.75,0.0,98.58,-30.0,-33.3,73.0,2.83,0.0,98.63,-30.1,-33.5,72.0,2.92,0.0,98.71,-30.2,-33.6,72.0,3.0,3.0,98.79,-29.4,-32.9,72.0,3.0,0.0,98.83,-28.5,-32.1,71.0,3.0,0.0,98.84,-27.7,-31.5,70.0,3.0,0.0,98.85,-26.9,-31.0,68.0,3.0,0.0,98.9,-28.0,-31.4,73.0,3.0,0.0,98.96,-28.4,-31.5,75.0,3.0,0.0,99.03,-27.8,-30.9,75.0,3.0,0.0,99.05,-27.7,-30.9,74.0,3.0,0.0,99.07,-27.4,-30.6,74.0,3.0,0.0,99.08,./biomass/BIOMASS_1192948.zarr,./crowncover/CROWN_COVER_1192948.zarr,./fueltype/FUEL_TYPE_1192948.zarr,./landcover/LANDCOVER_1192948.zarr,./topography/DEM_1192948.zarr,./satellite/LANDSAT_LC08_C02_T1_LC08_049019_20200117_1192948_100000_1579288270437.zarr
58.84,-122.57,380.2,0.4,-21.7,-25.0,74.0,33.0,6.0,97.49,-21.9,-25.6,72.0,34.0,11.0,97.54,-21.9,-25.5,73.0,34.0,9.0,97.54,-22.5,-25.8,74.0,34.0,12.0,97.63,-24.1,-27.7,72.0,36.0,11.0,97.71,-24.7,-28.4,72.0,35.0,7.0,97.79,-25.7,-29.6,70.0,36.0,10.0,97.83,-25.9,-29.8,69.0,35.0,11.0,97.9,-26.5,-30.3,70.0,36.0,9.0,97.96,-26.8,-30.7,70.0,35.0,7.0,97.99,-26.5,-30.7,67.0,35.0,7.0,98.05,-26.4,-30.1,71.0,35.0,4.0,98.1,-27.1,-30.7,71.0,1.0,3.0,98.11,-26.6,-30.6,69.0,3.0,3.0,98.16,-26.6,-30.9,67.0,3.0,0.0,98.16,-25.9,-31.3,61.0,3.0,5.0,98.18,-25.2,-30.7,60.0,3.5,0.0,98.15,-25.4,-30.7,61.0,4.0,5.0,98.12,-24.4,-30.3,58.0,3.0,5.0,98.07,-24.7,-30.1,61.0,2.0,7.0,98.04,-24.9,-29.4,66.0,1.0,4.0,98.05,-25.4,-29.3,70.0,1.0,3.0,98.04,-25.3,-29.0,71.0,1.0,0.0,98.01,-25.0,-28.7,71.0,1.0,0.0,98.0,./biomass/BIOMASS_1192948.zarr,./crowncover/CROWN_COVER_1192948.zarr,./fueltype/FUEL_TYPE_1192948.zarr,./landcover/LANDCOVER_1192948.zarr,./topography/DEM_1192948.zarr,./satellite/LANDSAT_LC08_C02_T1_LC08_049019_20210204_1192948_100000_1612465867764.zarr
66.24,-128.65,81.4,0.0,-25.86,-29.75,70.55,26.35,10.15,102.21,-25.86,-29.75,70.55,26.35,10.15,102.21,-25.86,-29.75,70.55,26.35,10.15,102.21,-25.86,-29.75,70.55,26.35,10.15,102.21,-21.5,-26.7,64.0,27.0,13.0,101.57,-22.4,-26.1,73.0,27.0,15.0,101.63,-23.0,-26.4,74.0,28.0,13.0,101.72,-24.5,-27.6,76.0,30.0,7.0,101.78,-25.73,-28.87,75.67,29.33,9.0,101.88,-26.97,-30.13,75.33,28.67,11.0,101.99,-28.2,-31.4,75.0,28.0,13.0,102.09,-28.4,-31.3,76.0,31.0,5.0,102.2,-29.4,-32.5,75.0,24.0,9.0,102.31,-28.5,-31.8,73.0,23.0,9.0,102.38,-27.4,-31.2,71.0,26.0,9.0,102.44,-25.7,-30.1,67.0,25.0,10.0,102.47,-25.7,-30.1,67.0,25.0,10.0,102.47,-25.7,-30.1,67.0,25.0,10.0,102.47,-25.7,-30.1,67.0,25.0,10.0,102.47,-25.7,-30.1,67.0,25.0,10.0,102.47,-25.7,-30.1,67.0,25.0,10.0,102.47,-25.7,-30.1,67.0,25.0,10.0,102.47,-25.7,-30.1,67.0,25.0,10.0,102.47,-25.7,-30.1,67.0,25.0,10.0,102.47,./biomass/BIOMASS_2201401.zarr,./crowncover/CROWN_COVER_2201401.zarr,./fueltype/FUEL_TYPE_2201401.zarr,./landcover/LANDCOVER_2201401.zarr,./topography/DEM_2201401.zarr,./satellite/LANDSAT_LC08_C02_T1_LC08_057014_20200329_2201401_100000_1585511891000.zarr
66.24,-128.65,81.4,0.0,-12.23,-21.05,51.2,13.33,8.6,101.64,-12.23,-21.05,51.2,13.33,8.6,101.64,-12.23,-21.05,51.2,13.33,8.6,101.64,-12.23,-21.05,51.2,13.33,8.6,101.64,-12.23,-21.05,51.2,13.33,8.6,101.64,-12.23,-21.05,51.2,13.33,8.6,101.64,-12.23,-21.05,51.2,13.33,8.6,101.64,-12.23,-21.05,51.2,13.33,8.6,101.64,-12.23,-21.05,51.2,13.33,8.6,101.64,-25.0,-27.3,81.0,7.0,4.0,102.12,-25.0,-27.7,78.0,8.0,3.0,102.06,-23.5,-26.4,77.0,34.0,4.0,101.99,-19.5,-23.7,70.0,11.0,9.0,101.94,-16.8,-23.5,57.0,34.0,7.0,101.85,-11.1,-19.8,49.0,8.0,10.0,101.76,-9.2,-19.5,43.0,12.0,12.0,101.68,-8.6,-19.2,43.0,13.0,11.0,101.58,-7.8,-19.1,40.0,14.0,11.0,101.51,-6.9,-18.5,40.0,14.0,8.0,101.42,-6.0,-18.2,38.0,9.0,10.0,101.34,-6.0,-18.2,38.0,9.0,10.0,101.34,-6.0,-18.2,38.0,9.0,10.0,101.34,-6.0,-18.2,38.0,9.0,10.0,101.34,-6.0,-18.2,38.0,9.0,10.0,101.34,./biomass/BIOMASS_2201401.zarr,./crowncover/CROWN_COVER_2201401.zarr,./fueltype/FUEL_TYPE_2201401.zarr,./landcover/LANDCOVER_2201401.zarr,./topography/DEM_2201401.zarr,./satellite/LANDSAT_LC08_C02_T1_LC08_058013_20180416_2201401_100000_1523909012597.zarr
66.24,-128.65,81.4,0.0,-14.69,-18.0,76.47,5.6,9.67,99.77,-14.69,-18.0,76.47,5.6,9.67,99.77,-14.69,-18.0,76.47,5.6,9.67,99.77,-14.69,-18.0,76.47,5.6,9.67,99.77,-14.69,-18.0,76.47,5.6,9.67,99.77,-14.69,-18.0,76.47,5.6,9.67,99.77,-14.69,-18.0,76.47,5.6,9.67,99.77,-14.69,-18.0,76.47,5.6,9.67,99.77,-14.69,-18.0,76.47,5.6,9.67,99.77,-25.0,-26.6,86.0,8.0,6.0,99.93,-25.0,-27.7,78.0,7.33,0.0,99.94,-24.9,-26.5,86.0,6.67,0.0,99.92,-20.9,-25.9,64.0,6.0,6.0,99.89,-18.7,-23.8,64.0,5.0,9.0,99.86,-16.1,-23.5,53.0,5.0,7.0,99.81,-13.8,-19.3,63.0,4.0,11.0,99.77,-11.4,-14.6,77.0,7.0,11.0,99.74,-10.7,-12.4,87.0,6.0,15.0,99.71,-9.4,-10.2,94.0,4.0,15.0,99.69,-8.9,-11.9,79.0,5.0,13.0,99.66,-8.9,-11.9,79.0,5.0,13.0,99.66,-8.9,-11.9,79.0,5.0,13.0,99.66,-8.9,-11.9,79.0,5.0,13.0,99.66,-8.9,-11.9,79.0,5.0,13.0,99.66,./biomass/BIOMASS_2201401.zarr,./crowncover/CROWN_COVER_2201401.zarr,./fueltype/FUEL_TYPE_2201401.zarr,./landcover/LANDCOVER_2201401.zarr,./topography/DEM_2201401.zarr,./satellite/LANDSAT_LC08_C02_T1_LC08_058013_20140405_2201401_100000_1396728264678.zarr
66.24,-128.65,81.4,0.0,-19.35,-26.27,55.87,7.73,11.8,101.35,-19.35,-26.27,55.87,7.73,11.8,101.35,-19.35,-26.27,55.87,7.73,11.8,101.35,-19.35,-26.27,55.87,7.73,11.8,101.35,-19.35,-26.27,55.87,7.73,11.8,101.35,-19.35,-26.27,55.87,7.73,11.8,101.35,-19.35,-26.27,55.87,7.73,11.8,101.35,-19.35,-26.27,55.87,7.73,11.8,101.35,-19.35,-26.27,55.87,7.73,11.8,101.35,-25.0,-28.7,72.0,6.0,11.0,101.48,-25.4,-29.0,72.0,6.0,8.0,101.48,-25.1,-29.1,70.0,6.0,12.0,101.47,-24.1,-29.0,65.0,6.0,11.0,101.44,-22.6,-28.3,60.0,6.0,14.0,101.42,-21.3,-27.9,56.0,5.0,16.0,101.4,-19.6,-27.1,52.0,7.0,13.0,101.36,-17.8,-25.9,50.0,6.0,10.0,101.33,-16.3,-25.1,47.0,7.0,8.0,101.31,-16.1,-24.5,49.0,11.0,9.0,101.28,-15.4,-23.9,49.0,10.0,13.0,101.25,-15.4,-23.9,49.0,10.0,13.0,101.25,-15.4,-23.9,49.0,10.0,13.0,101.25,-15.4,-23.9,49.0,10.0,13.0,101.25,-15.4,-23.9,49.0,10.0,13.0,101.25,./biomass/BIOMASS_2201401.zarr,./crowncover/CROWN_COVER_2201401.zarr,./fueltype/FUEL_TYPE_2201401.zarr,./landcover/LANDCOVER_2201401.zarr,./topography/DEM_2201401.zarr,./satellite/LANDSAT_LC08_C02_T1_LC08_058013_20220326_2201401_100000_1648325041725.zarr
66.24,-128.65,81.4,0.0,-9.29,-17.89,51.67,27.3,7.73,102.26,-9.29,-17.89,51.67,27.3,7.73,102.26,-9.29,-17.89,51.67,27.3,7.73,102.26,-9.29,-17.89,51.67,27.3,7.73,102.26,-9.29,-17.89,51.67,27.3,7.73,102.26,-9.29,-17.89,51.67,27.3,7.73,102.26,-9.29,-17.89,51.67,27.3,7.73,102.26,-9.29,-17.89,51.67,27.3,7.73,102.26,-9.29,-17.89,51.67,27.3,7.73,102.26,-18.0,-22.8,67.0,20.0,10.0,102.47,-18.9,-23.3,68.0,22.0,5.0,102.47,-21.6,-25.4,72.0,25.25,0.0,102.46,-19.3,-24.7,63.0,28.5,0.0,102.43,-16.3,-24.4,51.0,31.75,0.0,102.4,-12.7,-22.7,44.0,35.0,4.0,102.35,-7.5,-18.7,41.0,36.0,3.0,102.32,-6.8,-16.0,48.0,27.0,10.0,102.27,-4.2,-14.6,45.0,29.0,6.0,102.2,-3.1,-13.2,46.0,25.0,13.0,102.14,-2.2,-12.5,46.0,26.0,13.0,102.08,-2.2,-12.5,46.0,26.0,13.0,102.08,-2.2,-12.5,46.0,26.0,13.0,102.08,-2.2,-12.5,46.0,26.0,13.0,102.08,-2.2,-12.5,46.0,26.0,13.0,102.08,./biomass/BIOMASS_2201401.zarr,./crowncover/CROWN_COVER_2201401.zarr,./fueltype/FUEL_TYPE_2201401.zarr,./landcover/LANDCOVER_2201401.zarr,./topography/DEM_2201401.zarr,./satellite/LANDSAT_LC08_C02_T1_LC08_058013_20180331_2201401_100000_1522526621771.zarr
66.24,-128.65,81.4,0.0,-12.23,-21.05,51.2,13.33,8.6,101.64,-12.23,-21.05,51.2,13.33,8.6,101.64,-12.23,-21.05,51.2,13.33,8.6,101.64,-12.23,-21.05,51.2,13.33,8.6,101.64,-12.23,-21.05,51.2,13.33,8.6,101.64,-12.23,-21.05,51.2,13.33,8.6,101.64,-12.23,-21.05,51.2,13.33,8.6,101.64,-12.23,-21.05,51.2,13.33,8.6,101.64,-12.23,-21.05,51.2,13.33,8.6,101.64,-25.0,-27.3,81.0,7.0,4.0,102.12,-25.0,-27.7,78.0,8.0,3.0,102.06,-23.5,-26.4,77.0,34.0,4.0,101.99,-19.5,-23.7,70.0,11.0,9.0,101.94,-16.8,-23.5,57.0,34.0,7.0,101.85,-11.1,-19.8,49.0,8.0,10.0,101.76,-9.2,-19.5,43.0,12.0,12.0,101.68,-8.6,-19.2,43.0,13.0,11.0,101.58,-7.8,-19.1,40.0,14.0,11.0,101.51,-6.9,-18.5,40.0,14.0,8.0,101.42,-6.0,-18.2,38.0,9.0,10.0,101.34,-6.0,-18.2,38.0,9.0,10.0,101.34,-6.0,-18.2,38.0,9.0,10.0,101.34,-6.0,-18.2,38.0,9.0,10.0,101.34,-6.0,-18.2,38.0,9.0,10.0,101.34,./biomass/BIOMASS_2201401.zarr,./crowncover/CROWN_COVER_2201401.zarr,./fueltype/FUEL_TYPE_2201401.zarr,./landcover/LANDCOVER_2201401.zarr,./topography/DEM_2201401.zarr,./satellite/LANDSAT_LC08_C02_T1_LC08_058014_20180416_2201401_100000_1523909036466.zarr
66.24,-128.65,81.4,0.0,-12.25,-15.62,76.87,13.67,6.6,102.05,-12.25,-15.62,76.87,13.67,6.6,102.05,-12.25,-15.62,76.87,13.67,6.6,102.05,-12.25,-15.62,76.87,13.67,6.6,102.05,-12.25,-15.62,76.87,13.67,6.6,102.05,-12.25,-15.62,76.87,13.67,6.6,102.05,-12.25,-15.62,76.87,13.67,6.6,102.05,-12.25,-15.62,76.87,13.67,6.6,102.05,-12.25,-15.62,76.87,13.67,6.6,102.05,-22.2,-24.6,81.0,19.0,4.0,102.3,-24.3,-25.9,87.0,16.0,6.0,102.28,-21.3,-22.9,87.0,12.0,4.0,102.26,-16.7,-19.2,81.0,12.5,0.0,102.24,-15.9,-19.5,74.0,13.0,0.0,102.17,-11.2,-13.0,87.0,13.5,0.0,102.13,-10.3,-12.0,87.0,14.0,9.0,102.09,-9.6,-11.6,85.0,13.0,11.0,102.05,-8.7,-12.5,74.0,13.0,9.0,102.0,-8.1,-16.6,50.0,14.0,11.0,101.93,-7.1,-11.3,72.0,13.0,9.0,101.86,-7.1,-11.3,72.0,13.0,9.0,101.86,-7.1,-11.3,72.0,13.0,9.0,101.86,-7.1,-11.3,72.0,13.0,9.0,101.86,-7.1,-11.3,72.0,13.0,9.0,101.86,./biomass/BIOMASS_2201401.zarr,./crowncover/CROWN_COVER_2201401.zarr,./fueltype/FUEL_TYPE_2201401.zarr,./landcover/LANDCOVER_2201401.zarr,./topography/DEM_2201401.zarr,./satellite/LANDSAT_LC08_C02_T1_LC08_059013_20140412_2201401_100000_1397333427438.zarr
66.24,-128.65,81.4,0.0,-17.61,-24.13,58.73,8.67,21.53,101.1,-17.61,-24.13,58.73,8.67,21.53,101.1,-17.61,-24.13,58.73,8.67,21.53,101.1,-17.61,-24.13,58.73,8.67,21.53,101.1,-17.61,-24.13,58.73,8.67,21.53,101.1,-17.61,-24.13,58.73,8.67,21.53,101.1,-17.61,-24.13,58.73,8.67,21.53,101.1,-17.61,-24.13,58.73,8.67,21.53,101.1,-17.61,-24.13,58.73,8.67,21.53,101.1,-28.3,-31.3,76.0,6.0,12.0,101.68,-27.8,-30.8,76.0,7.0,13.0,101.58,-26.8,-29.9,75.0,7.0,14.0,101.51,-25.4,-29.1,72.0,7.0,19.0,101.44,-22.9,-27.6,66.0,8.0,17.0,101.32,-19.7,-25.4,61.0,7.0,14.0,101.21,-15.6,-22.6,56.0,8.0,13.0,101.11,-13.9,-21.5,53.0,10.0,24.0,101.01,-13.0,-21.0,51.0,10.0,27.0,100.93,-12.3,-20.7,50.0,10.0,30.0,100.84,-11.7,-20.4,49.0,10.0,28.0,100.78,-11.7,-20.4,49.0,10.0,28.0,100.78,-11.7,-20.4,49.0,10.0,28.0,100.78,-11.7,-20.4,49.0,10.0,28.0,100.78,-11.7,-20.4,49.0,10.0,28.0,100.78,./biomass/BIOMASS_2201401.zarr,./crowncover/CROWN_COVER_2201401.zarr,./fueltype/FUEL_TYPE_2201401.zarr,./landcover/LANDCOVER_2201401.zarr,./topography/DEM_2201401.zarr,./satellite/LANDSAT_LC08_C02_T1_LC08_058014_20210323_2201401_100000_1616529867051.zarr
66.24,-128.65,81.4,0.0,-17.61,-24.13,58.73,8.67,21.53,101.1,-17.61,-24.13,58.73,8.67,21.53,101.1,-17.61,-24.13,58.73,8.67,21.53,101.1,-17.61,-24.13,58.73,8.67,21.53,101.1,-17.61,-24.13,58.73,8.67,21.53,101.1,-17.61,-24.13,58.73,8.67,21.53,101.1,-17.61,-24.13,58.73,8.67,21.53,101.1,-17.61,-24.13,58.73,8.67,21.53,101.1,-17.61,-24.13,58.73,8.67,21.53,101.1,-28.3,-31.3,76.0,6.0,12.0,101.68,-27.8,-30.8,76.0,7.0,13.0,101.58,-26.8,-29.9,75.0,7.0,14.0,101.51,-25.4,-29.1,72.0,7.0,19.0,101.44,-22.9,-27.6,66.0,8.0,17.0,101.32,-19.7,-25.4,61.0,7.0,14.0,101.21,-15.6,-22.6,56.0,8.0,13.0,101.11,-13.9,-21.5,53.0,10.0,24.0,101.01,-13.0,-21.0,51.0,10.0,27.0,100.93,-12.3,-20.7,50.0,10.0,30.0,100.84,-11.7,-20.4,49.0,10.0,28.0,100.78,-11.7,-20.4,49.0,10.0,28.0,100.78,-11.7,-20.4,49.0,10.0,28.0,100.78,-11.7,-20.4,49.0,10.0,28.0,100.78,-11.7,-20.4,49.0,10.0,28.0,100.78,./biomass/BIOMASS_2201401.zarr,./crowncover/CROWN_COVER_2201401.zarr,./fueltype/FUEL_TYPE_2201401.zarr,./landcover/LANDCOVER_2201401.zarr,./topography/DEM_2201401.zarr,./satellite/LANDSAT_LC08_C02_T1_LC08_058013_20210323_2201401_100000_1616529843172.zarr
66.24,-128.65,81.4,0.0,2.83,-11.04,37.93,14.53,14.87,101.74,2.83,-11.04,37.93,14.53,14.87,101.74,2.83,-11.04,37.93,14.53,14.87,101.74,2.83,-11.04,37.93,14.53,14.87,101.74,2.83,-11.04,37.93,14.53,14.87,101.74,2.83,-11.04,37.93,14.53,14.87,101.74,2.83,-11.04,37.93,14.53,14.87,101.74,2.83,-11.04,37.93,14.53,14.87,101.74,2.83,-11.04,37.93,14.53,14.87,101.74,-9.6,-14.4,68.0,10.0,7.0,101.78,-8.8,-14.7,63.0,10.0,9.0,101.77,-7.5,-14.3,59.0,7.0,5.0,101.78,-3.3,-13.0,47.0,9.0,6.0,101.76,2.0,-11.2,37.0,16.0,16.0,101.74,3.8,-10.4,35.0,17.0,14.0,101.74,5.0,-10.4,32.0,17.0,18.0,101.72,6.2,-9.4,32.0,16.0,18.0,101.71,7.1,-9.7,29.0,18.0,18.0,101.72,7.6,-10.1,27.0,18.0,22.0,101.72,8.0,-9.6,28.0,16.0,18.0,101.72,8.0,-9.6,28.0,16.0,18.0,101.72,8.0,-9.6,28.0,16.0,18.0,101.72,8.0,-9.6,28.0,16.0,18.0,101.72,8.0,-9.6,28.0,16.0,18.0,101.72,./biomass/BIOMASS_2201401.zarr,./crowncover/CROWN_COVER_2201401.zarr,./fueltype/FUEL_TYPE_2201401.zarr,./landcover/LANDCOVER_2201401.zarr,./topography/DEM_2201401.zarr,./satellite/LANDSAT_LC08_C02_T1_LC08_058013_20240416_2201401_100000_1713297825249.zarr
60.02,-111.96,205.1,0.0,2.1,-8.1,47.0,14.0,7.0,100.41,-0.9,-8.0,59.0,15.0,4.0,100.41,-2.4,-9.1,60.0,16.0,6.0,100.43,-2.7,-9.9,58.0,16.0,9.0,100.42,-4.4,-10.4,63.0,16.0,9.0,100.43,-5.3,-10.9,65.0,17.0,9.0,100.43,-6.5,-11.7,67.0,17.0,9.0,100.44,-6.9,-11.9,67.0,17.0,7.0,100.43,-7.4,-12.6,66.0,16.0,9.0,100.4,-8.4,-12.6,72.0,16.0,9.0,100.38,-8.9,-13.2,71.0,15.0,9.0,100.35,-8.9,-12.8,73.0,16.0,13.0,100.3,-7.3,-12.0,69.0,15.0,13.0,100.26,-5.1,-11.0,63.0,16.0,13.0,100.18,-2.4,-10.7,53.0,16.0,15.0,100.07,0.1,-9.1,50.0,15.0,19.0,99.99,3.0,-7.7,45.0,16.0,19.0,99.91,3.9,-8.0,41.0,16.0,28.0,99.81,4.4,-9.2,36.0,17.0,22.0,99.64,5.7,-10.6,30.0,18.0,28.0,99.52,5.5,-9.5,33.0,17.0,24.0,99.37,5.5,-9.0,34.0,16.0,30.0,99.22,5.5,-9.0,34.0,14.0,28.0,99.06,5.4,-9.2,34.0,16.0,24.0,98.95,./biomass/BIOMASS_2202203.zarr,./crowncover/CROWN_COVER_2202203.zarr,./fueltype/FUEL_TYPE_2202203.zarr,./landcover/LANDCOVER_2202203.zarr,./topography/DEM_2202203.zarr,./satellite/LANDSAT_LC08_C02_T1_LC08_044018_20130409_2202203_100000_1365532813136.zarr
60.02,-111.96,205.1,0.0,-6.8,-16.4,47.0,18.0,7.0,100.34,-10.6,-17.3,58.0,14.0,3.0,100.28,-13.4,-18.5,66.0,14.0,4.0,100.26,-11.2,-18.2,57.0,15.0,12.0,100.24,-12.9,-19.0,60.0,17.0,12.0,100.22,-14.2,-19.8,63.0,16.0,11.0,100.18,-14.5,-19.6,66.0,16.0,8.0,100.15,-15.2,-20.1,67.0,16.0,10.0,100.09,-14.9,-19.5,68.0,15.0,12.0,100.04,-16.0,-20.3,70.0,15.0,9.0,100.01,-16.9,-20.7,72.0,15.0,10.0,99.94,-16.8,-20.9,71.0,15.0,11.0,99.89,-15.2,-20.4,65.0,14.0,12.0,99.86,-12.9,-19.5,58.0,14.0,11.0,99.82,-9.4,-18.5,48.0,14.0,11.0,99.75,-7.4,-17.5,45.0,17.0,18.0,99.69,-6.0,-16.9,42.0,14.0,16.0,99.62,-4.9,-16.6,40.0,15.0,17.0,99.57,-3.9,-17.4,35.0,13.0,12.0,99.53,-3.2,-16.3,36.0,16.0,15.0,99.48,-2.7,-16.9,33.0,12.0,9.0,99.42,-2.5,-16.6,33.0,10.0,12.0,99.36,-2.9,-16.2,35.0,12.0,7.0,99.32,-3.6,-16.6,36.0,11.0,8.0,99.26,./biomass/BIOMASS_2202203.zarr,./crowncover/CROWN_COVER_2202203.zarr,./fueltype/FUEL_TYPE_2202203.zarr,./landcover/LANDCOVER_2202203.zarr,./topography/DEM_2202203.zarr,./satellite/LANDSAT_LC08_C02_T1_LC08_043018_20180407_2202203_100000_1523125975257.zarr
60.02,-111.96,205.1,0.0,9.4,2.0,60.0,11.0,4.0,98.84,9.3,1.8,59.0,13.0,8.0,98.83,8.3,1.6,63.0,13.0,10.0,98.83,6.9,1.3,68.0,13.0,9.0,98.81,6.3,1.0,68.0,12.0,5.0,98.8,5.9,1.2,72.0,12.0,8.0,98.78,4.9,1.1,76.0,14.0,10.0,98.78,4.7,1.1,77.0,14.0,11.0,98.77,3.9,0.6,79.0,13.0,9.0,98.77,3.3,0.2,80.0,13.0,7.0,98.77,3.0,-0.4,79.0,14.0,10.0,98.76,2.4,-0.9,79.0,14.0,10.0,98.78,2.3,-1.1,79.0,14.0,10.0,98.77,3.2,-0.9,75.0,14.0,10.0,98.78,5.4,0.0,68.0,14.0,12.0,98.76,8.1,0.4,58.0,15.0,16.0,98.74,10.7,1.2,52.0,13.0,8.0,98.7,12.8,1.8,47.0,15.0,12.0,98.65,14.1,1.4,42.0,15.0,15.0,98.61,14.9,1.7,40.0,17.0,16.0,98.57,15.2,1.5,39.0,16.0,17.0,98.55,15.0,1.8,41.0,14.0,16.0,98.53,14.0,1.2,42.0,15.0,13.0,98.51,12.0,0.7,46.0,14.0,11.0,98.48,./biomass/BIOMASS_2202203.zarr,./crowncover/CROWN_COVER_2202203.zarr,./fueltype/FUEL_TYPE_2202203.zarr,./landcover/LANDCOVER_2202203.zarr,./topography/DEM_2202203.zarr,./satellite/LANDSAT_LC08_C02_T1_LC08_043018_20191003_2202203_100000_1570127633558.zarr
60.02,-111.96,205.1,0.01,23.1,0.4,22.0,13.0,18.0,98.77,22.0,1.8,26.0,13.0,16.0,98.78,20.0,2.1,30.0,12.0,10.0,98.81,18.2,2.2,34.0,12.0,9.0,98.84,17.1,2.0,36.0,12.0,9.0,98.88,15.9,1.9,39.0,13.0,11.0,98.91,15.6,2.2,40.0,12.0,11.0,98.95,15.1,2.3,42.0,13.0,14.0,98.97,14.1,2.4,45.0,13.0,11.0,99.0,13.4,2.8,48.0,13.0,10.0,99.03,14.1,3.1,47.0,13.0,13.0,99.07,15.0,3.4,46.0,14.0,16.0,99.09,16.9,3.4,40.0,14.0,13.0,99.08,18.9,4.2,37.0,15.0,13.0,99.07,20.5,4.1,34.0,15.0,11.0,99.06,21.8,3.5,30.0,14.0,18.0,99.06,22.5,3.4,28.0,15.0,14.0,99.06,23.0,2.8,26.0,12.0,13.0,99.06,23.0,2.0,25.0,14.0,19.0,99.04,23.4,0.7,22.0,13.0,18.0,99.04,23.8,-0.7,19.0,14.0,17.0,99.01,23.6,0.4,21.0,14.0,16.0,99.01,23.2,0.8,23.0,12.0,13.0,98.99,22.9,2.5,26.0,13.0,17.0,98.98,./biomass/BIOMASS_2202203.zarr,./crowncover/CROWN_COVER_2202203.zarr,./fueltype/FUEL_TYPE_2202203.zarr,./landcover/LANDCOVER_2202203.zarr,./topography/DEM_2202203.zarr,./satellite/LANDSAT_LC08_C02_T1_LC08_043018_20220605_2202203_100000_1654454015461.zarr
60.02,-111.96,205.1,0.01,-24.2,-27.4,76.0,22.17,0.0,99.58,-26.0,-28.7,79.0,1.0,3.0,99.59,-27.3,-30.1,78.0,28.0,4.0,99.58,-28.0,-31.0,76.0,28.0,4.0,99.62,-27.0,-30.0,76.0,33.0,4.0,99.65,-29.7,-32.8,75.0,30.0,0.0,99.72,-29.6,-32.6,75.0,27.0,3.0,99.74,-29.0,-32.0,76.0,30.0,0.0,99.79,-28.9,-31.6,78.0,33.0,5.0,99.81,-29.8,-32.8,76.0,30.0,5.0,99.85,-29.8,-32.8,76.0,32.0,0.0,99.9,-30.9,-34.0,75.0,34.0,3.0,99.95,-32.1,-35.6,72.0,23.0,3.0,99.99,-33.3,-36.8,71.0,30.0,5.0,100.03,-28.7,-31.8,75.0,36.0,7.0,100.12,-26.2,-29.3,76.0,1.0,3.0,100.18,-23.6,-26.8,76.0,3.0,5.0,100.25,-21.0,-24.5,74.0,1.0,3.0,100.28,-18.7,-24.1,63.0,36.0,3.0,100.32,-17.1,-23.9,56.0,1.0,5.0,100.39,-17.0,-24.1,55.0,2.0,7.0,100.44,-17.1,-24.1,55.0,35.0,8.0,100.5,-16.9,-23.2,59.0,34.0,10.0,100.55,-19.9,-25.1,64.0,2.0,12.0,100.6,./biomass/BIOMASS_2202203.zarr,./crowncover/CROWN_COVER_2202203.zarr,./fueltype/FUEL_TYPE_2202203.zarr,./landcover/LANDCOVER_2202203.zarr,./topography/DEM_2202203.zarr,./satellite/LANDSAT_LC08_C02_T1_LC08_043018_20220301_2202203_100000_1646159612968.zarr
60.02,-111.96,205.1,0.01,-8.7,-18.6,45.0,31.0,13.0,100.25,-10.0,-17.6,54.0,31.0,12.0,100.28,-11.2,-17.3,61.0,30.0,11.0,100.28,-12.4,-17.4,67.0,30.0,13.0,100.27,-12.1,-16.6,69.0,31.0,15.0,100.27,-12.8,-16.8,72.0,32.0,12.0,100.3,-13.9,-17.7,74.0,34.0,9.0,100.33,-14.6,-18.1,75.0,33.0,10.0,100.38,-15.2,-18.9,74.0,32.0,11.0,100.41,-16.4,-19.4,78.0,32.0,9.0,100.43,-18.2,-20.6,82.0,30.0,12.0,100.48,-18.5,-20.6,84.0,30.0,14.0,100.52,-16.6,-20.2,74.0,31.0,9.0,100.54,-14.7,-20.0,64.0,33.0,18.0,100.55,-13.5,-19.8,59.0,34.0,15.0,100.58,-11.6,-18.9,56.0,36.0,15.0,100.58,-10.2,-18.8,50.0,32.0,18.0,100.59,-9.2,-18.1,49.0,35.0,22.0,100.59,-8.1,-18.4,44.0,32.0,13.0,100.59,-7.7,-18.0,44.0,35.0,19.0,100.57,-7.2,-18.6,40.0,1.0,16.0,100.57,-6.8,-18.1,41.0,1.0,14.0,100.56,-6.6,-18.7,38.0,1.0,19.0,100.57,-6.9,-18.9,38.0,36.0,13.0,100.53,./biomass/BIOMASS_2202203.zarr,./crowncover/CROWN_COVER_2202203.zarr,./fueltype/FUEL_TYPE_2202203.zarr,./landcover/LANDCOVER_2202203.zarr,./topography/DEM_2202203.zarr,./satellite/LANDSAT_LC08_C02_T1_LC08_043018_20200412_2202203_100000_1586716388890.zarr
60.02,-111.96,205.1,0.02,5.9,-4.9,46.0,21.0,13.0,98.89,3.1,-5.0,55.0,20.0,9.0,98.88,-2.8,-5.1,84.0,16.0,4.0,98.86,-3.0,-5.5,83.0,18.0,5.0,98.85,0.5,-5.6,64.0,20.0,9.0,98.87,-2.1,-6.2,74.0,22.0,9.0,98.88,-0.8,-5.8,69.0,27.0,7.0,98.91,-1.2,-6.4,68.0,29.0,7.0,98.95,-3.0,-6.9,75.0,30.0,4.0,99.0,-3.6,-7.0,78.0,30.0,9.0,99.03,-3.2,-5.9,82.0,23.0,3.0,99.07,-7.9,-9.2,90.0,21.0,3.0,99.14,-7.8,-9.2,90.0,17.0,3.0,99.22,-7.4,-8.4,93.0,2.0,3.0,99.29,-3.3,-5.8,83.0,1.0,10.0,99.37,-0.9,-4.7,75.0,24.0,3.0,99.41,1.6,-4.6,63.0,2.0,5.0,99.43,4.3,-4.1,55.0,8.5,0.0,99.42,6.8,-4.9,43.0,15.0,5.0,99.43,7.8,-5.3,39.0,11.0,6.0,99.44,8.5,-5.9,36.0,8.0,4.0,99.43,8.9,-6.5,33.0,11.0,5.0,99.43,7.7,-7.0,35.0,11.0,5.0,99.42,6.6,-6.1,40.0,14.0,9.0,99.41,./biomass/BIOMASS_2202203.zarr,./crowncover/CROWN_COVER_2202203.zarr,./fueltype/FUEL_TYPE_2202203.zarr,./landcover/LANDCOVER_2202203.zarr,./topography/DEM_2202203.zarr,./satellite/LANDSAT_LC08_C02_T1_LC08_044018_20180313_2202203_100000_1520966357467.zarr
60.02,-111.96,205.1,0.02,14.8,-6.0,23.0,35.0,8.0,99.97,13.8,-4.8,27.0,1.0,8.0,99.92,11.2,-2.9,37.0,4.83,0.0,99.91,7.3,-3.8,45.0,8.67,0.0,99.9,5.3,-1.6,61.0,12.5,0.0,99.91,3.0,-4.2,59.0,16.33,0.0,99.91,1.7,-3.7,68.0,20.17,0.0,99.88,0.3,-4.0,73.0,24.0,9.0,99.89,0.9,-3.6,72.0,20.5,0.0,99.85,-0.1,-3.0,81.0,17.0,4.0,99.82,2.4,-2.2,72.0,18.0,4.0,99.83,7.5,1.5,65.0,10.0,0.0,99.81,10.9,1.4,51.0,2.0,8.0,99.75,13.7,-1.3,35.0,8.0,6.0,99.73,14.9,-2.8,29.0,8.0,7.0,99.67,15.8,-5.1,23.0,7.0,8.0,99.62,17.2,-3.7,24.0,36.0,5.0,99.56,17.8,-3.3,23.0,33.0,12.0,99.49,18.5,-3.6,22.0,34.0,10.0,99.42,19.8,-2.6,22.0,5.0,9.0,99.36,20.6,-1.3,23.0,6.0,8.0,99.25,21.0,-3.0,19.0,12.0,8.0,99.2,20.6,-3.1,20.0,6.0,9.0,99.14,20.6,-3.9,19.0,7.0,8.0,99.08,./biomass/BIOMASS_2202203.zarr,./crowncover/CROWN_COVER_2202203.zarr,./fueltype/FUEL_TYPE_2202203.zarr,./landcover/LANDCOVER_2202203.zarr,./topography/DEM_2202203.zarr,./satellite/LANDSAT_LC08_C02_T1_LC08_043018_20200530_2202203_100000_1590863580661.zarr
60.02,-111.96,205.1,0.02,-7.2,-22.9,28.0,7.0,3.0,99.54,-7.2,-22.5,29.0,5.0,7.0,99.54,-8.0,-22.8,30.0,7.0,5.0,99.55,-8.7,-22.7,32.0,6.0,7.0,99.54,-10.6,-23.0,36.0,7.0,3.0,99.53,-10.8,-23.2,36.0,5.0,5.0,99.53,-12.4,-23.1,41.0,3.0,6.0,99.51,-15.6,-25.8,42.0,3.0,10.0,99.52,-15.5,-24.9,45.0,2.0,9.0,99.51,-16.7,-25.6,47.0,2.0,9.0,99.51,-21.0,-27.1,59.0,33.0,4.0,99.55,-20.5,-26.8,58.0,35.0,5.0,99.55,-21.0,-27.2,58.0,35.0,4.0,99.57,-19.6,-26.9,53.0,33.0,3.0,99.6,-17.6,-25.5,51.0,28.0,7.0,99.6,-12.7,-24.0,39.0,34.0,7.0,99.6,-10.6,-25.1,30.0,36.0,13.0,99.6,-9.5,-26.2,25.0,34.0,10.0,99.6,-9.1,-24.1,29.0,2.0,10.0,99.6,-8.2,-23.7,28.0,34.0,9.0,99.57,-7.6,-24.1,26.0,34.0,10.0,99.53,-7.6,-23.6,27.0,35.0,16.0,99.51,-8.4,-23.5,29.0,34.0,14.0,99.52,-9.3,-23.6,31.0,34.0,8.0,99.52,./biomass/BIOMASS_2202203.zarr,./crowncover/CROWN_COVER_2202203.zarr,./fueltype/FUEL_TYPE_2202203.zarr,./landcover/LANDCOVER_2202203.zarr,./topography/DEM_2202203.zarr,./satellite/LANDSAT_LC08_C02_T1_LC08_044018_20160323_2202203_100000_1458758367598.zarr
53.57,-113.52,671.4,0.01,16.04,11.99,76.75,21.94,5.88,94.3,16.04,11.99,76.75,21.94,5.88,94.3,16.04,11.99,76.75,21.94,5.88,94.3,16.04,11.99,76.75,21.94,5.88,94.3,16.04,11.99,76.75,21.94,5.88,94.3,16.04,11.99,76.75,21.94,5.88,94.3,16.04,11.99,76.75,21.94,5.88,94.3,16.04,11.99,76.75,21.94,5.88,94.3,16.7,11.9,73.0,21.0,4.0,94.29,16.0,12.0,77.0,22.0,6.0,94.3,16.0,12.0,77.0,22.0,6.0,94.3,16.0,12.0,77.0,22.0,6.0,94.3,16.0,12.0,77.0,22.0,6.0,94.3,16.0,12.0,77.0,22.0,6.0,94.3,16.0,12.0,77.0,22.0,6.0,94.3,16.0,12.0,77.0,22.0,6.0,94.3,16.0,12.0,77.0,22.0,6.0,94.3,16.0,12.0,77.0,22.0,6.0,94.3,16.0,12.0,77.0,22.0,6.0,94.3,16.0,12.0,77.0,22.0,6.0,94.3,16.0,12.0,77.0,22.0,6.0,94.3,16.0,12.0,77.0,22.0,6.0,94.3,16.0,12.0,77.0,22.0,6.0,94.3,16.0,12.0,77.0,22.0,6.0,94.3,./biomass/BIOMASS_3012202.zarr,./crowncover/CROWN_COVER_3012202.zarr,./fueltype/FUEL_TYPE_3012202.zarr,./landcover/LANDCOVER_3012202.zarr,./topography/DEM_3012202.zarr,./satellite/LANDSAT_LC08_C02_T1_LC08_042023_20140811_3012202_100000_1407781763308.zarr
53.57,-113.52,671.4,1.07,-21.22,-27.28,58.3,30.61,14.13,95.19,-16.4,-22.9,57.0,36.0,17.0,94.87,-17.7,-24.1,57.0,1.0,20.0,94.97,-18.1,-24.7,56.0,35.0,17.0,95.06,-18.8,-25.6,55.0,1.0,20.0,95.12,-19.9,-26.2,57.0,1.0,19.0,95.16,-20.5,-26.7,58.0,36.0,13.0,95.19,-21.4,-27.6,57.0,34.0,11.0,95.21,-22.2,-28.1,59.0,35.0,13.0,95.24,-22.2,-28.1,59.0,35.0,13.0,95.24,-22.2,-28.1,59.0,35.0,13.0,95.24,-22.2,-28.1,59.0,35.0,13.0,95.24,-22.2,-28.1,59.0,35.0,13.0,95.24,-22.2,-28.1,59.0,35.0,13.0,95.24,-22.2,-28.1,59.0,35.0,13.0,95.24,-22.2,-28.1,59.0,35.0,13.0,95.24,-22.2,-28.1,59.0,35.0,13.0,95.24,-22.2,-28.1,59.0,35.0,13.0,95.24,-22.2,-28.1,59.0,35.0,13.0,95.24,-22.2,-28.1,59.0,35.0,13.0,95.24,-22.2,-28.1,59.0,35.0,13.0,95.24,-22.2,-28.1,59.0,35.0,13.0,95.24,-22.2,-28.1,59.0,35.0,13.0,95.24,-22.2,-28.1,59.0,35.0,13.0,95.24,./biomass/BIOMASS_3012202.zarr,./crowncover/CROWN_COVER_3012202.zarr,./fueltype/FUEL_TYPE_3012202.zarr,./landcover/LANDCOVER_3012202.zarr,./topography/DEM_3012202.zarr,./satellite/LANDSAT_LC08_C02_T1_LC08_043022_20140223_3012202_100000_1393180552344.zarr
53.57,-113.52,671.4,1.36,-9.0,-14.9,62.0,17.0,11.0,94.78,-9.0,-14.9,62.0,17.0,11.0,94.78,-9.0,-14.9,62.0,17.0,11.0,94.78,-9.0,-14.9,62.0,17.0,11.0,94.78,-9.0,-14.9,62.0,17.0,11.0,94.78,-9.0,-14.9,62.0,17.0,11.0,94.78,-9.0,-14.9,62.0,17.0,11.0,94.78,-9.0,-14.9,62.0,17.0,11.0,94.78,-9.0,-14.9,62.0,17.0,11.0,94.78,-9.0,-14.9,62.0,17.0,11.0,94.78,-9.0,-14.9,62.0,17.0,11.0,94.78,-9.0,-14.9,62.0,17.0,11.0,94.78,-9.0,-14.9,62.0,17.0,11.0,94.78,-9.0,-14.9,62.0,17.0,11.0,94.78,-9.0,-14.9,62.0,17.0,11.0,94.78,-9.0,-14.9,62.0,17.0,11.0,94.78,-9.0,-14.9,62.0,17.0,11.0,94.78,-9.0,-14.9,62.0,17.0,11.0,94.78,-9.0,-14.9,62.0,17.0,11.0,94.78,-9.0,-14.9,62.0,17.0,11.0,94.78,-9.0,-14.9,62.0,17.0,11.0,94.78,-9.0,-14.9,62.0,17.0,11.0,94.78,-9.0,-14.9,62.0,17.0,11.0,94.78,-9.0,-14.9,62.0,17.0,11.0,94.78,./biomass/BIOMASS_3012202.zarr,./crowncover/CROWN_COVER_3012202.zarr,./fueltype/FUEL_TYPE_3012202.zarr,./landcover/LANDCOVER_3012202.zarr,./topography/DEM_3012202.zarr,./satellite/LANDSAT_LC08_C02_T1_LC08_043022_20140122_3012202_100000_1390415775487.zarr
53.57,-113.52,671.4,2.73,16.23,11.49,73.39,27.65,10.48,94.14,18.4,10.8,61.0,32.0,35.0,94.08,16.8,11.3,70.0,36.0,15.0,94.12,16.2,12.2,77.0,28.0,11.0,94.13,16.1,11.5,74.0,27.0,9.0,94.14,16.1,11.5,74.0,27.0,9.0,94.14,16.1,11.5,74.0,27.0,9.0,94.14,16.1,11.5,74.0,27.0,9.0,94.14,16.1,11.5,74.0,27.0,9.0,94.14,16.1,11.5,74.0,27.0,9.0,94.14,16.1,11.5,74.0,27.0,9.0,94.14,16.1,11.5,74.0,27.0,9.0,94.14,16.1,11.5,74.0,27.0,9.0,94.14,16.1,11.5,74.0,27.0,9.0,94.14,16.1,11.5,74.0,27.0,9.0,94.14,16.1,11.5,74.0,27.0,9.0,94.14,16.1,11.5,74.0,27.0,9.0,94.14,16.1,11.5,74.0,27.0,9.0,94.14,16.1,11.5,74.0,27.0,9.0,94.14,16.1,11.5,74.0,27.0,9.0,94.14,16.1,11.5,74.0,27.0,9.0,94.14,16.1,11.5,74.0,27.0,9.0,94.14,16.1,11.5,74.0,27.0,9.0,94.14,16.1,11.5,74.0,27.0,9.0,94.14,./biomass/BIOMASS_3012202.zarr,./crowncover/CROWN_COVER_3012202.zarr,./fueltype/FUEL_TYPE_3012202.zarr,./landcover/LANDCOVER_3012202.zarr,./topography/DEM_3012202.zarr,./satellite/LANDSAT_LC08_C02_T1_LC08_043023_20140701_3012202_100000_1404239717611.zarr
53.57,-113.52,671.4,3.04,11.4,-1.8,40.0,27.0,9.0,93.1,10.3,-1.1,45.0,26.0,6.0,93.14,9.7,-0.5,49.0,27.0,0.0,93.18,8.9,0.0,54.0,28.0,4.0,93.21,7.5,0.4,61.0,28.0,0.0,93.24,6.1,0.0,65.0,28.0,4.0,93.27,5.1,-0.6,67.0,27.0,4.0,93.32,4.5,-0.4,70.0,35.0,4.0,93.37,2.0,-2.2,74.0,31.0,11.0,93.37,1.5,-2.3,76.0,31.0,9.0,93.4,1.3,-2.3,77.0,31.0,7.0,93.45,1.2,-2.7,75.0,31.0,9.0,93.49,1.3,-2.0,79.0,32.0,6.0,93.55,4.8,0.1,72.0,31.0,9.0,93.6,8.4,0.5,57.0,31.5,0.0,93.66,10.1,1.5,55.0,32.0,6.0,93.68,11.8,1.5,49.0,32.0,9.0,93.68,13.2,0.9,43.0,31.0,9.0,93.64,14.8,-0.3,36.0,31.0,20.0,93.62,14.6,-0.7,35.0,33.0,22.0,93.62,13.8,-1.3,35.0,35.0,13.0,93.65,14.1,-2.6,31.0,34.0,13.0,93.65,13.3,-2.1,34.0,35.0,17.0,93.7,11.4,-1.7,40.0,34.0,13.0,93.74,./biomass/BIOMASS_3012202.zarr,./crowncover/CROWN_COVER_3012202.zarr,./fueltype/FUEL_TYPE_3012202.zarr,./landcover/LANDCOVER_3012202.zarr,./topography/DEM_3012202.zarr,./satellite/LANDSAT_LC08_C02_T1_LC08_042023_20130925_3012202_100000_1380133872813.zarr
53.57,-113.52,671.4,3.73,22.9,10.3,45.0,18.0,13.0,93.93,21.3,10.7,51.0,17.0,11.0,93.94,19.5,10.9,58.0,18.0,13.0,93.97,19.4,11.2,59.0,18.0,11.0,94.01,17.8,11.5,67.0,18.0,6.0,94.03,17.6,11.3,67.0,21.0,7.0,94.06,16.2,11.9,76.0,21.0,7.0,94.1,14.8,11.7,82.0,26.0,4.0,94.15,13.9,11.4,85.0,16.0,4.0,94.18,13.7,11.7,88.0,23.0,7.0,94.21,13.8,11.7,87.0,26.0,7.0,94.28,15.1,12.5,84.0,28.0,9.0,94.33,16.7,13.1,79.0,29.0,6.0,94.34,18.9,13.0,69.0,24.0,6.0,94.38,20.9,12.8,60.0,24.0,6.0,94.39,22.9,12.9,53.0,26.0,4.0,94.39,23.9,9.5,40.0,31.0,6.0,94.36,24.7,11.0,42.0,35.0,6.0,94.36,24.8,9.6,38.0,36.0,7.0,94.36,24.2,9.5,39.0,34.0,9.0,94.32,25.1,10.1,39.0,10.0,11.0,94.32,24.4,10.5,42.0,10.0,9.0,94.31,26.1,11.0,39.0,8.0,4.0,94.28,25.9,10.5,38.0,24.0,7.0,94.23,./biomass/BIOMASS_3012202.zarr,./crowncover/CROWN_COVER_3012202.zarr,./fueltype/FUEL_TYPE_3012202.zarr,./landcover/LANDCOVER_3012202.zarr,./topography/DEM_3012202.zarr,./satellite/LANDSAT_LC08_C02_T1_LC08_043022_20130628_3012202_100000_1372444624898.zarr
53.57,-113.52,671.4,4.08,25.12,11.72,43.17,13.33,28.0,93.46,25.12,11.72,43.17,13.33,28.0,93.46,25.12,11.72,43.17,13.33,28.0,93.46,25.12,11.72,43.17,13.33,28.0,93.46,25.12,11.72,43.17,13.33,28.0,93.46,25.12,11.72,43.17,13.33,28.0,93.46,25.12,11.72,43.17,13.33,28.0,93.46,25.12,11.72,43.17,13.33,28.0,93.46,25.12,11.72,43.17,13.33,28.0,93.46,25.12,11.72,43.17,13.33,28.0,93.46,25.12,11.72,43.17,13.33,28.0,93.46,25.12,11.72,43.17,13.33,28.0,93.46,25.12,11.72,43.17,13.33,28.0,93.46,25.12,11.72,43.17,13.33,28.0,93.46,25.12,11.72,43.17,13.33,28.0,93.46,25.12,11.72,43.17,13.33,28.0,93.46,25.12,11.72,43.17,13.33,28.0,93.46,25.12,11.72,43.17,13.33,28.0,93.46,24.9,11.4,43.0,13.0,28.0,93.58,24.4,11.7,45.0,14.0,26.0,93.53,26.5,12.5,42.0,15.0,28.0,93.48,25.5,12.1,43.0,12.0,30.0,93.42,24.7,11.3,43.0,13.0,28.0,93.38,24.7,11.3,43.0,13.0,28.0,93.38,./biomass/BIOMASS_3012202.zarr,./crowncover/CROWN_COVER_3012202.zarr,./fueltype/FUEL_TYPE_3012202.zarr,./landcover/LANDCOVER_3012202.zarr,./topography/DEM_3012202.zarr,./satellite/LANDSAT_LC08_C02_T1_LC08_042023_20140624_3012202_100000_1403634543038.zarr
53.57,-113.52,671.4,4.95,22.1,11.6,51.0,12.0,11.0,92.78,21.3,10.5,50.0,11.0,9.0,92.76,20.8,10.8,53.0,9.0,6.0,92.77,19.8,11.7,60.0,2.0,4.0,92.74,19.3,11.7,61.0,18.0,0.0,92.69,17.5,12.1,71.0,34.0,4.0,92.68,17.3,12.6,74.0,32.0,4.0,92.69,17.3,12.9,75.0,4.0,4.0,92.67,16.9,12.9,77.0,8.0,0.0,92.7,15.3,12.2,82.0,12.0,6.0,92.76,15.0,12.5,85.0,26.0,6.0,92.76,14.3,11.9,85.0,22.0,4.0,92.78,15.3,12.7,84.0,20.5,0.0,92.81,16.8,12.9,78.0,19.0,4.0,92.85,18.4,13.9,75.0,27.0,9.0,92.86,20.5,13.8,65.0,30.0,7.0,92.87,22.2,14.1,60.0,30.0,13.0,92.9,24.1,12.5,48.0,27.0,11.0,92.88,25.3,10.9,40.0,26.0,13.0,92.87,25.8,12.1,42.0,29.0,9.0,92.89,26.0,11.4,40.0,29.0,13.0,92.89,26.1,12.5,43.0,28.0,9.0,92.88,26.2,11.6,40.0,23.0,4.0,92.88,25.0,11.5,43.0,26.0,9.0,92.89,./biomass/BIOMASS_3012202.zarr,./crowncover/CROWN_COVER_3012202.zarr,./fueltype/FUEL_TYPE_3012202.zarr,./landcover/LANDCOVER_3012202.zarr,./topography/DEM_3012202.zarr,./satellite/LANDSAT_LC08_C02_T1_LC08_042023_20130824_3012202_100000_1377369082997.zarr
51.12,-114.01,1099.1,0.0,-13.9,-21.1,55.0,36.0,6.0,89.85,-16.6,-22.1,63.0,35.0,5.0,89.92,-18.0,-24.2,59.0,33.0,5.0,89.95,-18.6,-24.6,60.0,34.0,10.0,89.99,-19.1,-24.5,63.0,36.0,8.0,90.09,-20.1,-25.1,65.0,35.0,6.0,90.16,-20.1,-25.3,64.0,33.0,8.0,90.22,-21.2,-26.2,65.0,31.0,0.0,90.27,-21.7,-26.5,66.0,29.0,4.0,90.28,-20.2,-24.7,68.0,21.0,4.0,90.28,-20.9,-24.6,73.0,20.0,6.0,90.3,-21.7,-25.2,74.0,21.0,9.0,90.3,-20.2,-24.0,72.0,27.5,0.0,90.28,-20.8,-24.9,70.0,34.0,8.0,90.29,-18.2,-22.4,70.0,18.0,6.0,90.28,-14.8,-21.2,59.0,20.0,13.0,90.22,-12.8,-20.5,53.0,19.0,10.0,90.16,-10.9,-19.9,48.0,18.0,20.0,90.07,-9.3,-19.5,44.0,18.0,21.0,89.93,-7.6,-18.4,42.0,18.0,13.0,89.85,-7.1,-18.6,40.0,18.0,13.0,89.77,-6.9,-17.2,44.0,18.0,16.0,89.7,-7.8,-16.5,50.0,19.0,11.0,89.65,-9.8,-17.2,55.0,18.0,9.0,89.59,./biomass/BIOMASS_3031092.zarr,./crowncover/CROWN_COVER_3031092.zarr,./fueltype/FUEL_TYPE_3031092.zarr,./landcover/LANDCOVER_3031092.zarr,./topography/DEM_3031092.zarr,./satellite/LANDSAT_LC08_C02_T1_LC08_041024_20140225_3031092_100000_1393352656237.zarr
51.12,-114.01,1099.1,0.01,-13.9,-21.1,55.0,36.0,6.0,89.85,-16.6,-22.1,63.0,35.0,5.0,89.92,-18.0,-24.2,59.0,33.0,5.0,89.95,-18.6,-24.6,60.0,34.0,10.0,89.99,-19.1,-24.5,63.0,36.0,8.0,90.09,-20.1,-25.1,65.0,35.0,6.0,90.16,-20.1,-25.3,64.0,33.0,8.0,90.22,-21.2,-26.2,65.0,31.0,0.0,90.27,-21.7,-26.5,66.0,29.0,4.0,90.28,-20.2,-24.7,68.0,21.0,4.0,90.28,-20.9,-24.6,73.0,20.0,6.0,90.3,-21.7,-25.2,74.0,21.0,9.0,90.3,-20.2,-24.0,72.0,27.5,0.0,90.28,-20.8,-24.9,70.0,34.0,8.0,90.29,-18.2,-22.4,70.0,18.0,6.0,90.28,-14.8,-21.2,59.0,20.0,13.0,90.22,-12.8,-20.5,53.0,19.0,10.0,90.16,-10.9,-19.9,48.0,18.0,20.0,90.07,-9.3,-19.5,44.0,18.0,21.0,89.93,-7.6,-18.4,42.0,18.0,13.0,89.85,-7.1,-18.6,40.0,18.0,13.0,89.77,-6.9,-17.2,44.0,18.0,16.0,89.7,-7.8,-16.5,50.0,19.0,11.0,89.65,-9.8,-17.2,55.0,18.0,9.0,89.59,./biomass/BIOMASS_3031092.zarr,./crowncover/CROWN_COVER_3031092.zarr,./fueltype/FUEL_TYPE_3031092.zarr,./landcover/LANDCOVER_3031092.zarr,./topography/DEM_3031092.zarr,./satellite/LANDSAT_LC08_C02_T1_LC08_041025_20140225_3031092_100000_1393352680115.zarr
51.12,-114.01,1099.1,0.05,1.5,-3.4,70.0,14.0,15.0,88.93,0.4,-3.0,78.0,13.0,8.0,88.96,-0.1,-2.8,82.0,17.0,11.0,88.99,0.7,-3.4,74.0,18.0,13.0,88.96,-0.5,-3.7,79.0,19.0,10.0,88.95,-0.8,-4.0,79.0,20.0,10.0,88.94,-2.0,-4.5,83.0,20.0,6.0,88.92,-1.4,-4.4,80.0,19.0,9.0,88.9,-3.0,-6.0,80.0,19.0,9.0,88.88,-4.0,-6.6,82.0,20.0,10.0,88.88,-3.7,-6.0,84.0,20.0,10.0,88.89,-3.6,-7.4,75.0,19.0,13.0,88.92,-3.3,-7.3,74.0,18.0,10.0,88.95,-0.1,-4.7,71.0,18.0,5.0,88.97,3.6,-4.6,55.0,27.0,0.0,88.99,6.7,-5.6,41.0,36.0,14.0,89.02,7.4,-5.3,40.0,6.0,10.0,89.03,7.8,-4.3,42.0,6.0,14.0,89.02,8.3,-2.3,47.0,9.0,14.0,89.05,8.3,-2.9,45.0,8.0,13.0,89.06,8.0,-3.2,45.0,10.0,16.0,89.07,7.0,-5.0,42.0,11.0,14.0,89.08,7.8,-3.1,46.0,15.0,19.0,89.1,5.1,-2.3,59.0,12.0,14.0,89.12,./biomass/BIOMASS_3031092.zarr,./crowncover/CROWN_COVER_3031092.zarr,./fueltype/FUEL_TYPE_3031092.zarr,./landcover/LANDCOVER_3031092.zarr,./topography/DEM_3031092.zarr,./satellite/LANDSAT_LC08_C02_T1_LC08_042024_20130327_3031092_100000_1364408948940.zarr
51.12,-114.01,1099.1,0.05,-9.5,-12.5,79.0,16.0,29.0,90.01,-10.4,-13.1,80.0,16.0,31.0,90.0,-10.4,-12.8,83.0,16.0,22.0,89.99,-11.0,-13.4,83.0,17.0,23.0,89.96,-11.4,-13.5,85.0,16.0,29.0,89.9,-11.1,-13.1,85.0,17.0,25.0,89.86,-11.0,-13.0,85.0,19.0,19.0,89.77,-10.9,-12.9,86.0,18.0,14.0,89.74,-11.2,-13.2,86.0,19.0,13.0,89.67,-11.8,-13.5,87.0,18.0,17.0,89.63,-11.8,-13.5,87.0,20.0,14.0,89.59,-12.6,-14.3,87.0,18.0,12.0,89.56,-12.6,-14.3,87.0,23.0,12.0,89.5,-12.7,-14.6,86.0,23.0,10.0,89.5,-9.2,-12.8,75.0,20.0,11.0,89.45,-6.0,-11.9,63.0,22.0,5.0,89.41,-3.6,-10.9,57.0,14.0,4.0,89.4,-1.7,-9.8,54.0,9.5,0.0,89.36,-0.1,-9.6,49.0,5.0,3.0,89.32,1.2,-9.6,45.0,4.0,7.0,89.26,1.7,-8.3,48.0,6.0,5.0,89.21,2.2,-8.2,46.0,14.0,11.0,89.16,1.1,-7.8,52.0,16.0,12.0,89.13,0.0,-7.5,57.0,19.0,10.0,89.14,./biomass/BIOMASS_3031092.zarr,./crowncover/CROWN_COVER_3031092.zarr,./fueltype/FUEL_TYPE_3031092.zarr,./landcover/LANDCOVER_3031092.zarr,./topography/DEM_3031092.zarr,./satellite/LANDSAT_LC08_C02_T1_LC08_042024_20200320_3031092_100000_1584728972941.zarr
51.12,-114.01,1099.1,0.06,20.7,8.8,46.0,11.0,10.0,89.73,20.2,8.7,47.0,10.0,12.0,89.76,18.4,8.8,53.0,11.0,11.0,89.78,16.9,9.7,62.0,13.0,12.0,89.8,16.9,9.7,62.0,21.0,7.0,89.82,17.0,9.3,60.0,24.25,0.0,89.83,12.7,9.2,79.0,27.5,0.0,89.83,13.1,8.8,75.0,30.75,0.0,89.84,11.6,8.1,79.0,34.0,5.0,89.81,11.9,8.8,81.0,24.0,5.0,89.79,11.3,7.8,79.0,27.0,0.0,89.77,12.1,8.2,77.0,30.0,0.0,89.77,14.1,9.4,73.0,33.0,3.0,89.79,16.8,9.3,61.0,29.0,4.0,89.8,19.9,11.5,58.0,11.0,3.0,89.8,22.5,9.5,43.0,17.0,10.0,89.76,23.9,9.7,40.0,18.0,13.0,89.74,24.5,9.1,37.0,22.0,14.0,89.72,26.0,8.7,33.0,20.0,18.0,89.66,27.3,9.0,31.0,17.0,17.0,89.59,27.8,8.4,29.0,14.0,16.0,89.53,28.4,9.4,30.0,13.0,17.0,89.49,28.0,8.1,28.0,14.0,16.0,89.47,27.3,9.0,31.0,15.0,12.0,89.44,./biomass/BIOMASS_3031092.zarr,./crowncover/CROWN_COVER_3031092.zarr,./fueltype/FUEL_TYPE_3031092.zarr,./landcover/LANDCOVER_3031092.zarr,./topography/DEM_3031092.zarr,./satellite/LANDSAT_LC08_C02_T1_LC08_042024_20140811_3031092_100000_1407781787195.zarr
51.12,-114.01,1099.1,0.07,-7.9,-10.8,79.0,3.0,3.0,89.73,-4.7,-7.7,80.0,17.5,0.0,89.65,-3.3,-9.5,63.0,32.0,3.0,89.6,-2.4,-7.9,66.0,20.0,10.0,89.55,-1.7,-7.7,64.0,25.0,7.0,89.5,-4.7,-8.6,74.0,13.0,3.0,89.47,-5.0,-8.9,74.0,33.0,9.0,89.44,-4.7,-8.2,76.0,15.0,5.0,89.4,-7.4,-11.2,75.0,9.0,0.0,89.41,-9.5,-12.2,81.0,3.0,6.0,89.4,-6.8,-10.0,78.0,13.0,7.0,89.36,-7.1,-10.3,78.0,13.67,0.0,89.35,-5.6,-8.4,80.0,14.33,0.0,89.37,-5.3,-8.2,80.0,15.0,5.0,89.37,-6.2,-9.3,79.0,19.67,0.0,89.36,-4.0,-7.9,74.0,24.33,0.0,89.36,3.7,-5.2,52.0,29.0,4.0,89.34,4.1,-5.1,51.0,33.0,4.0,89.35,1.9,-5.0,61.0,22.67,0.0,89.32,3.5,-4.5,56.0,12.33,0.0,89.28,5.1,-4.1,51.0,2.0,4.0,89.29,3.2,-4.1,59.0,32.0,8.0,89.31,1.1,-5.0,64.0,3.0,5.0,89.33,-0.8,-5.1,73.0,4.0,10.0,89.33,./biomass/BIOMASS_3031092.zarr,./crowncover/CROWN_COVER_3031092.zarr,./fueltype/FUEL_TYPE_3031092.zarr,./landcover/LANDCOVER_3031092.zarr,./topography/DEM_3031092.zarr,./satellite/LANDSAT_LC08_C02_T1_LC08_041025_20180103_3031092_100000_1515003845573.zarr
51.12,-114.01,1099.1,0.07,21.2,0.9,26.0,19.0,9.0,89.04,19.0,0.6,29.0,18.0,13.0,89.05,17.5,2.8,37.0,19.0,9.0,89.06,16.3,3.4,42.0,21.0,5.0,89.05,13.8,4.0,51.0,29.0,4.0,89.03,15.4,3.2,44.0,23.0,13.0,89.04,13.8,3.5,50.0,21.0,14.0,89.01,15.2,1.8,40.0,22.0,13.0,88.98,13.8,1.8,44.0,22.0,18.0,88.97,13.2,1.5,45.0,21.0,12.0,88.99,12.2,1.8,49.0,23.0,14.0,88.99,10.5,1.7,55.0,20.0,7.0,89.01,11.6,1.8,51.0,26.5,0.0,89.03,15.2,1.9,40.0,33.0,3.0,89.02,18.6,2.7,34.0,27.0,0.0,89.02,22.7,5.3,32.0,21.0,8.0,89.01,25.4,4.8,26.0,19.0,7.0,88.97,27.4,1.1,18.0,17.0,5.0,88.92,28.2,-3.4,12.0,18.0,6.0,88.85,27.9,1.5,18.0,19.0,11.0,88.81,27.2,1.2,18.0,17.0,12.0,88.77,27.1,2.2,20.0,26.0,8.0,88.76,26.1,-1.4,16.0,26.0,13.0,88.7,25.0,-1.9,17.0,27.0,22.0,88.68,./biomass/BIOMASS_3031092.zarr,./crowncover/CROWN_COVER_3031092.zarr,./fueltype/FUEL_TYPE_3031092.zarr,./landcover/LANDCOVER_3031092.zarr,./topography/DEM_3031092.zarr,./satellite/LANDSAT_LC08_C02_T1_LC08_041024_20220911_3031092_100000_1662920650095.zarr
51.12,-114.01,1099.1,0.11,18.6,9.2,54.0,9.0,17.0,89.18,16.8,9.8,63.0,9.0,17.0,89.24,15.6,9.7,68.0,10.8,0.0,89.32,15.6,9.4,66.0,12.6,0.0,89.38,14.3,9.6,73.0,14.4,0.0,89.43,14.2,9.4,72.0,16.2,0.0,89.47,12.9,9.3,78.0,18.0,0.0,89.54,11.8,8.9,83.0,19.8,0.0,89.57,11.2,8.2,82.0,21.6,0.0,89.6,10.9,8.0,82.0,23.4,0.0,89.67,12.2,4.3,59.0,25.2,0.0,89.71,9.8,5.3,74.0,27.0,4.0,89.74,13.2,5.7,60.0,27.0,5.0,89.76,15.3,6.5,56.0,32.0,9.0,89.79,16.6,7.9,56.0,36.0,4.0,89.81,17.8,7.2,50.0,5.0,4.0,89.83,18.9,7.4,47.0,9.33,0.0,89.82,20.1,8.4,46.0,13.67,0.0,89.79,21.4,5.5,35.0,18.0,4.0,89.73,22.0,5.5,34.0,18.0,5.0,89.7,22.5,9.2,42.0,9.0,4.0,89.67,22.5,8.6,41.0,5.0,8.0,89.63,22.5,9.5,43.0,14.0,9.0,89.62,22.1,9.2,43.0,14.0,11.0,89.6,./biomass/BIOMASS_3031092.zarr,./crowncover/CROWN_COVER_3031092.zarr,./fueltype/FUEL_TYPE_3031092.zarr,./landcover/LANDCOVER_3031092.zarr,./topography/DEM_3031092.zarr,./satellite/LANDSAT_LC08_C02_T1_LC08_042024_20200726_3031092_100000_1595788179900.zarr
51.12,-114.01,1099.1,0.12,8.3,-2.1,48.0,16.0,15.0,89.44,5.1,-2.5,58.0,17.0,13.0,89.44,4.6,-2.3,61.0,17.0,15.0,89.4,3.9,-2.5,63.0,16.0,12.0,89.35,4.1,-2.1,64.0,17.0,7.0,89.31,3.6,-2.2,66.0,19.0,12.0,89.26,3.9,-2.1,65.0,20.0,8.0,89.19,1.1,-2.3,78.0,17.0,10.0,89.14,1.5,-2.5,75.0,19.0,9.0,89.08,1.2,-2.6,76.0,20.5,0.0,89.01,0.5,-3.1,77.0,22.0,5.0,88.95,0.7,-3.1,76.0,22.0,4.0,88.93,0.6,-3.3,75.0,21.0,6.0,88.88,2.3,-2.8,69.0,21.0,8.0,88.85,5.8,-1.6,59.0,20.0,8.0,88.83,10.4,-1.3,44.0,22.0,16.0,88.79,13.2,0.6,42.0,19.0,12.0,88.73,15.3,0.8,37.0,18.0,12.0,88.66,17.7,0.9,32.0,17.0,13.0,88.62,18.1,0.8,31.0,16.0,13.0,88.56,19.3,1.0,29.0,17.0,16.0,88.5,19.4,1.5,30.0,16.0,15.0,88.45,16.0,1.8,38.0,17.0,13.0,88.42,14.8,1.1,39.0,19.0,12.0,88.38,./biomass/BIOMASS_3031092.zarr,./crowncover/CROWN_COVER_3031092.zarr,./fueltype/FUEL_TYPE_3031092.zarr,./landcover/LANDCOVER_3031092.zarr,./topography/DEM_3031092.zarr,./satellite/LANDSAT_LC08_C02_T1_LC08_042024_20151017_3031092_100000_1445106585629.zarr
51.12,-114.01,1099.1,0.15,-3.8,-9.7,64.0,5.0,4.0,89.41,-3.0,-9.5,61.0,35.0,4.0,89.42,-0.8,-7.8,59.0,30.0,7.0,89.46,0.0,-6.4,62.0,33.0,13.0,89.49,1.1,-5.3,62.0,33.0,20.0,89.52,1.4,-4.5,65.0,33.0,31.0,89.55,0.6,-4.6,68.0,33.0,21.0,89.6,0.0,-4.7,70.0,33.0,14.0,89.62,1.0,-4.5,66.0,32.0,24.0,89.67,0.0,-5.3,68.0,28.0,8.0,89.7,1.1,-5.0,64.0,32.0,14.0,89.73,1.4,-4.6,64.0,32.0,27.0,89.74,1.6,-4.3,65.0,33.0,27.0,89.78,1.6,-4.2,65.0,33.0,23.0,89.83,1.4,-4.1,67.0,33.0,19.0,89.84,1.6,-4.2,65.0,33.0,23.0,89.88,2.3,-4.0,63.0,34.0,28.0,89.93,2.1,-3.9,64.0,36.0,22.0,89.94,1.9,-3.8,66.0,1.0,18.0,89.94,2.2,-3.7,65.0,36.0,17.0,89.92,1.6,-3.9,67.0,36.0,21.0,89.94,1.1,-4.1,69.0,35.0,12.0,89.99,-0.4,-4.5,74.0,34.0,9.0,90.03,-1.0,-4.3,78.0,29.0,6.0,90.05,./biomass/BIOMASS_3031092.zarr,./crowncover/CROWN_COVER_3031092.zarr,./fueltype/FUEL_TYPE_3031092.zarr,./landcover/LANDCOVER_3031092.zarr,./topography/DEM_3031092.zarr,./satellite/LANDSAT_LC08_C02_T1_LC08_041024_20221114_3031092_100000_1668450246707.zarr
51.19,-115.55,1396.9,1.22,17.0,-2.6,26.0,26.0,3.0,85.79,12.1,-2.2,37.0,34.0,5.0,85.82,9.8,-2.0,44.0,34.0,6.0,85.85,7.3,-1.4,54.0,31.0,4.0,85.85,5.2,-2.3,59.0,32.0,0.0,85.88,3.6,-1.9,67.0,33.0,4.0,85.87,1.5,-2.5,74.0,30.0,0.0,85.86,1.9,-2.7,71.0,27.0,0.0,85.86,3.2,-2.1,68.0,24.0,3.0,85.85,1.6,-2.7,73.0,21.0,3.0,85.83,1.5,-2.4,75.0,22.0,8.0,85.83,0.8,-2.6,78.0,23.0,3.0,85.84,3.3,-2.3,67.0,23.0,7.0,85.85,6.7,-1.2,57.0,22.0,10.0,85.8,11.2,-0.6,44.0,21.0,10.0,85.74,14.9,-0.4,35.0,22.0,8.0,85.66,19.3,-1.0,25.0,20.0,5.0,85.59,20.6,-2.2,21.0,11.0,6.0,85.52,21.4,-2.9,19.0,18.0,6.0,85.48,22.3,-3.9,17.0,24.0,11.0,85.45,22.3,-3.3,18.0,24.0,11.0,85.43,22.3,-4.0,17.0,27.0,10.0,85.4,22.0,-3.5,18.0,19.0,9.0,85.36,21.7,-3.1,19.0,24.0,8.0,85.34,./biomass/BIOMASS_3050519.zarr,./crowncover/CROWN_COVER_3050519.zarr,./fueltype/FUEL_TYPE_3050519.zarr,./landcover/LANDCOVER_3050519.zarr,./topography/DEM_3050519.zarr,./satellite/LANDSAT_LC08_C02_T1_LC08_042024_20230430_3050519_100000_1682879353040.zarr
51.19,-115.55,1396.9,1.68,-1.2,-8.9,56.0,3.0,9.0,85.66,-2.4,-9.2,60.0,5.0,11.0,85.74,-3.6,-9.7,63.0,6.0,7.0,85.78,-5.3,-10.2,68.0,6.0,5.0,85.81,-7.2,-11.3,72.0,4.0,3.0,85.81,-8.4,-11.2,80.0,31.0,4.0,85.79,-9.5,-11.7,84.0,28.0,0.0,85.77,-10.2,-12.9,80.0,25.0,0.0,85.74,-10.0,-13.5,75.0,22.0,6.0,85.73,-11.3,-14.0,80.0,32.0,4.0,85.68,-12.7,-15.0,83.0,30.0,0.0,85.64,-13.8,-15.9,84.0,28.0,0.0,85.61,-13.3,-15.6,83.0,26.0,0.0,85.58,-11.1,-15.6,70.0,24.0,7.0,85.56,-7.9,-14.6,58.0,22.0,7.0,85.51,-4.8,-14.3,47.0,22.33,0.0,85.44,0.1,-12.8,37.0,22.67,0.0,85.36,2.9,-13.1,30.0,23.0,4.0,85.29,3.8,-15.9,22.0,1.0,7.0,85.17,5.3,-14.9,22.0,6.0,6.0,85.07,6.8,-14.5,20.0,3.0,4.0,84.98,6.3,-13.2,23.0,3.0,7.0,84.9,6.1,-12.3,25.0,2.0,8.0,84.86,4.2,-10.0,35.0,3.0,9.0,84.84,./biomass/BIOMASS_3050519.zarr,./crowncover/CROWN_COVER_3050519.zarr,./fueltype/FUEL_TYPE_3050519.zarr,./landcover/LANDCOVER_3050519.zarr,./topography/DEM_3050519.zarr,./satellite/LANDSAT_LC08_C02_T1_LC08_042025_20230329_3050519_100000_1680114596445.zarr
51.19,-115.55,1396.9,2.68,-1.2,-8.9,56.0,3.0,9.0,85.66,-2.4,-9.2,60.0,5.0,11.0,85.74,-3.6,-9.7,63.0,6.0,7.0,85.78,-5.3,-10.2,68.0,6.0,5.0,85.81,-7.2,-11.3,72.0,4.0,3.0,85.81,-8.4,-11.2,80.0,31.0,4.0,85.79,-9.5,-11.7,84.0,28.0,0.0,85.77,-10.2,-12.9,80.0,25.0,0.0,85.74,-10.0,-13.5,75.0,22.0,6.0,85.73,-11.3,-14.0,80.0,32.0,4.0,85.68,-12.7,-15.0,83.0,30.0,0.0,85.64,-13.8,-15.9,84.0,28.0,0.0,85.61,-13.3,-15.6,83.0,26.0,0.0,85.58,-11.1,-15.6,70.0,24.0,7.0,85.56,-7.9,-14.6,58.0,22.0,7.0,85.51,-4.8,-14.3,47.0,22.33,0.0,85.44,0.1,-12.8,37.0,22.67,0.0,85.36,2.9,-13.1,30.0,23.0,4.0,85.29,3.8,-15.9,22.0,1.0,7.0,85.17,5.3,-14.9,22.0,6.0,6.0,85.07,6.8,-14.5,20.0,3.0,4.0,84.98,6.3,-13.2,23.0,3.0,7.0,84.9,6.1,-12.3,25.0,2.0,8.0,84.86,4.2,-10.0,35.0,3.0,9.0,84.84,./biomass/BIOMASS_3050519.zarr,./crowncover/CROWN_COVER_3050519.zarr,./fueltype/FUEL_TYPE_3050519.zarr,./landcover/LANDCOVER_3050519.zarr,./topography/DEM_3050519.zarr,./satellite/LANDSAT_LC08_C02_T1_LC08_042024_20230329_3050519_100000_1680114572571.zarr
51.19,-115.55,1396.9,2.82,17.0,-2.6,26.0,26.0,3.0,85.79,12.1,-2.2,37.0,34.0,5.0,85.82,9.8,-2.0,44.0,34.0,6.0,85.85,7.3,-1.4,54.0,31.0,4.0,85.85,5.2,-2.3,59.0,32.0,0.0,85.88,3.6,-1.9,67.0,33.0,4.0,85.87,1.5,-2.5,74.0,30.0,0.0,85.86,1.9,-2.7,71.0,27.0,0.0,85.86,3.2,-2.1,68.0,24.0,3.0,85.85,1.6,-2.7,73.0,21.0,3.0,85.83,1.5,-2.4,75.0,22.0,8.0,85.83,0.8,-2.6,78.0,23.0,3.0,85.84,3.3,-2.3,67.0,23.0,7.0,85.85,6.7,-1.2,57.0,22.0,10.0,85.8,11.2,-0.6,44.0,21.0,10.0,85.74,14.9,-0.4,35.0,22.0,8.0,85.66,19.3,-1.0,25.0,20.0,5.0,85.59,20.6,-2.2,21.0,11.0,6.0,85.52,21.4,-2.9,19.0,18.0,6.0,85.48,22.3,-3.9,17.0,24.0,11.0,85.45,22.3,-3.3,18.0,24.0,11.0,85.43,22.3,-4.0,17.0,27.0,10.0,85.4,22.0,-3.5,18.0,19.0,9.0,85.36,21.7,-3.1,19.0,24.0,8.0,85.34,./biomass/BIOMASS_3050519.zarr,./crowncover/CROWN_COVER_3050519.zarr,./fueltype/FUEL_TYPE_3050519.zarr,./landcover/LANDCOVER_3050519.zarr,./topography/DEM_3050519.zarr,./satellite/LANDSAT_LC08_C02_T1_LC08_042025_20230430_3050519_100000_1682879376918.zarr
51.19,-115.55,1396.9,4.04,-1.2,-2.1,94.0,22.59,0.0,86.47,-2.9,-3.4,96.0,22.59,0.0,86.51,-3.0,-3.4,97.0,22.59,0.0,86.51,-3.7,-3.9,99.0,22.59,0.0,86.48,-2.5,-3.4,94.0,22.59,0.0,86.46,-2.6,-3.3,95.0,22.59,0.0,86.44,-2.9,-4.0,92.0,22.59,0.0,86.44,-3.8,-4.5,95.0,22.0,4.0,86.46,-3.8,-4.2,97.0,21.0,4.0,86.46,-3.0,-4.0,93.0,19.0,4.0,86.43,-2.6,-4.0,90.0,22.0,4.0,86.4,-2.8,-4.5,88.0,21.0,6.0,86.4,-3.2,-4.7,89.0,20.0,4.0,86.38,-3.1,-4.5,90.0,22.0,6.0,86.38,0.3,-3.8,74.0,22.0,7.0,86.37,2.4,-3.4,65.0,22.0,13.0,86.32,5.6,-3.3,53.0,24.0,15.0,86.23,7.9,-3.7,44.0,23.0,19.0,86.16,9.9,-4.1,37.0,23.0,19.0,86.07,11.8,-3.8,33.0,23.0,20.0,85.98,12.1,-4.3,31.0,23.0,19.0,85.94,11.8,-4.3,32.0,25.0,13.0,85.91,10.7,-4.5,34.0,27.0,11.0,85.92,9.6,-3.9,38.0,25.0,11.0,85.92,./biomass/BIOMASS_3050519.zarr,./crowncover/CROWN_COVER_3050519.zarr,./fueltype/FUEL_TYPE_3050519.zarr,./landcover/LANDCOVER_3050519.zarr,./topography/DEM_3050519.zarr,./satellite/LANDSAT_LC08_C02_T1_LC08_043024_20131018_3050519_100000_1382121465304.zarr
51.19,-115.55,1396.9,4.11,-27.4,-29.7,81.0,4.0,0.0,86.08,-28.3,-30.7,80.0,4.0,0.0,86.09,-28.5,-31.0,79.0,4.0,0.0,86.11,-29.6,-32.3,77.0,4.0,0.0,86.1,-30.1,-32.8,77.0,4.0,0.0,86.08,-30.6,-33.3,77.0,4.0,0.0,86.09,-32.4,-35.5,74.0,4.0,0.0,86.08,-32.6,-35.7,74.0,4.0,0.0,86.07,-33.8,-37.2,71.0,4.0,0.0,86.07,-32.7,-35.9,73.0,4.0,0.0,86.07,-31.6,-34.7,74.0,4.0,0.0,86.07,-34.4,-37.8,71.0,4.0,0.0,86.07,-35.3,-38.8,70.0,4.0,0.0,86.07,-35.5,-39.0,70.0,4.0,0.0,86.11,-35.7,-39.2,70.0,4.0,0.0,86.17,-35.2,-38.7,70.0,4.0,0.0,86.2,-31.1,-34.2,74.0,4.0,0.0,86.2,-24.2,-29.1,64.0,4.0,0.0,86.16,-20.9,-27.7,54.0,4.0,0.0,86.12,-20.3,-27.3,54.0,4.0,0.0,86.1,-20.3,-25.6,63.0,7.0,4.0,86.11,-21.2,-24.5,75.0,3.0,9.0,86.17,-21.5,-24.4,77.0,3.0,11.0,86.22,-21.8,-24.9,76.0,3.0,11.0,86.28,./biomass/BIOMASS_3050519.zarr,./crowncover/CROWN_COVER_3050519.zarr,./fueltype/FUEL_TYPE_3050519.zarr,./landcover/LANDCOVER_3050519.zarr,./topography/DEM_3050519.zarr,./satellite/LANDSAT_LC08_C02_T1_LC08_043024_20131205_3050519_100000_1386268652254.zarr
51.13,-106.58,595.0,0.0,-27.0,-30.9,69.0,34.0,32.0,95.55,-28.2,-32.7,66.0,33.0,29.0,95.66,-28.0,-32.3,66.0,34.0,29.0,95.76,-30.6,-36.0,59.0,34.0,22.0,95.85,-31.5,-36.4,62.0,33.0,18.0,95.96,-32.7,-37.4,63.0,31.0,11.0,96.04,-33.5,-38.0,64.0,32.0,14.0,96.15,-34.9,-39.1,66.0,31.0,12.0,96.19,-35.4,-39.7,65.0,31.0,11.0,96.25,-36.4,-40.7,65.0,28.0,9.0,96.29,-36.2,-40.6,64.0,29.0,11.0,96.31,-37.0,-41.5,63.0,29.0,12.0,96.33,-37.0,-41.4,63.0,30.0,10.0,96.33,-36.6,-41.0,63.0,32.0,14.0,96.33,-37.1,-41.4,64.0,27.0,11.0,96.36,-35.9,-40.4,64.0,27.0,11.0,96.42,-34.2,-38.6,64.0,28.0,14.0,96.42,-32.0,-36.6,63.0,27.0,12.0,96.41,-29.7,-35.4,58.0,28.0,20.0,96.42,-28.4,-34.2,57.0,28.0,20.0,96.4,-27.2,-33.3,56.0,29.0,24.0,96.36,-26.8,-32.6,58.0,30.0,20.0,96.3,-27.0,-32.9,57.0,29.0,22.0,96.29,-27.0,-33.2,56.0,29.0,21.0,96.27,./biomass/BIOMASS_4022359.zarr,./crowncover/CROWN_COVER_4022359.zarr,./fueltype/FUEL_TYPE_4022359.zarr,./landcover/LANDCOVER_4022359.zarr,./topography/DEM_4022359.zarr,./satellite/LANDSAT_LC08_C02_T1_LC08_037025_20140301_4022359_100000_1393696791219.zarr
51.13,-106.58,595.0,0.01,26.7,3.5,22.0,27.0,17.0,94.5,25.2,4.0,25.0,27.0,12.0,94.5,20.7,5.9,38.0,26.0,7.0,94.51,16.5,7.5,55.0,26.67,0.0,94.55,16.2,7.1,55.0,27.33,0.0,94.57,15.2,7.5,60.0,28.0,4.0,94.61,17.9,6.7,48.0,24.0,5.0,94.63,16.6,11.2,71.0,23.0,5.0,94.65,14.1,10.5,79.0,19.0,7.0,94.67,12.9,9.9,82.0,20.0,6.0,94.7,11.4,8.5,83.0,22.5,0.0,94.71,13.4,10.7,84.0,25.0,4.0,94.73,14.5,8.4,67.0,24.0,9.0,94.77,13.9,9.0,73.0,26.0,7.0,94.8,17.1,9.6,61.0,26.0,10.0,94.85,20.7,9.0,47.0,27.0,8.0,94.87,22.5,7.1,37.0,25.0,8.0,94.85,25.5,9.1,35.0,21.0,6.0,94.89,27.6,6.5,26.0,23.0,9.0,94.89,28.9,6.0,24.0,27.0,13.0,94.85,29.5,5.4,22.0,28.0,16.0,94.82,29.9,5.8,22.0,30.0,11.0,94.78,30.9,6.6,22.0,28.0,17.0,94.74,30.9,5.8,21.0,27.0,12.0,94.7,./biomass/BIOMASS_4022359.zarr,./crowncover/CROWN_COVER_4022359.zarr,./fueltype/FUEL_TYPE_4022359.zarr,./landcover/LANDCOVER_4022359.zarr,./topography/DEM_4022359.zarr,./satellite/LANDSAT_LC08_C02_T1_LC08_037024_20220830_4022359_100000_1661882362050.zarr
51.13,-106.58,595.0,0.01,16.2,-1.8,29.0,23.0,16.0,94.74,14.8,-0.9,34.0,21.0,16.0,94.71,12.1,0.4,45.0,21.0,13.0,94.71,9.5,1.7,58.0,20.0,16.0,94.7,8.9,1.8,61.0,20.0,18.0,94.68,8.6,2.2,64.0,21.0,18.0,94.67,7.9,1.9,66.0,21.0,14.0,94.68,7.8,2.6,70.0,21.0,13.0,94.66,9.2,4.0,70.0,22.0,16.0,94.64,8.8,4.7,75.0,23.0,10.0,94.64,8.1,4.3,77.0,21.0,13.0,94.61,7.1,4.2,82.0,21.0,9.0,94.58,7.2,4.3,82.0,21.0,14.0,94.56,4.6,2.9,89.0,18.0,14.0,94.55,5.5,3.3,86.0,17.0,18.0,94.55,8.7,5.0,78.0,18.0,18.0,94.54,12.4,6.4,67.0,23.0,10.0,94.51,14.9,6.0,55.0,21.0,14.0,94.49,16.7,3.6,42.0,22.0,10.0,94.45,18.1,3.2,37.0,24.0,11.0,94.42,19.2,1.5,31.0,23.0,13.0,94.39,20.1,1.6,29.0,22.0,9.0,94.36,20.7,0.6,26.0,22.0,9.0,94.32,20.9,-0.3,24.0,22.0,7.0,94.3,./biomass/BIOMASS_4022359.zarr,./crowncover/CROWN_COVER_4022359.zarr,./fueltype/FUEL_TYPE_4022359.zarr,./landcover/LANDCOVER_4022359.zarr,./topography/DEM_4022359.zarr,./satellite/LANDSAT_LC08_C02_T1_LC08_037024_20160914_4022359_100000_1473875944008.zarr
51.13,-106.58,595.0,0.01,12.6,-0.6,40.0,31.0,7.0,94.35,8.4,0.5,57.0,28.0,9.0,94.38,8.7,1.7,62.0,26.0,9.0,94.39,7.4,4.2,80.0,25.0,9.0,94.38,7.8,3.1,72.0,24.0,13.0,94.37,5.3,0.8,73.0,27.0,11.0,94.42,4.0,0.1,76.0,27.0,11.0,94.44,4.5,0.7,76.0,28.0,12.0,94.49,3.7,-0.2,76.0,28.0,10.0,94.52,2.9,-0.5,79.0,29.0,8.0,94.59,3.2,0.9,85.0,27.0,8.0,94.57,3.4,0.9,84.0,27.0,12.0,94.58,4.6,0.9,77.0,26.0,14.0,94.62,3.4,-0.9,73.0,29.0,19.0,94.64,4.0,-0.5,73.0,29.0,17.0,94.65,6.4,0.6,67.0,28.0,14.0,94.69,9.5,-0.9,48.0,28.0,20.0,94.71,11.0,-2.3,39.0,29.0,30.0,94.72,12.3,-2.5,35.0,30.0,36.0,94.71,13.4,-1.9,35.0,30.0,35.0,94.7,14.2,-1.5,34.0,30.0,32.0,94.69,14.1,-2.4,32.0,30.0,34.0,94.68,13.5,-4.0,29.0,32.0,33.0,94.69,12.1,-3.7,33.0,30.0,30.0,94.75,./biomass/BIOMASS_4022359.zarr,./crowncover/CROWN_COVER_4022359.zarr,./fueltype/FUEL_TYPE_4022359.zarr,./landcover/LANDCOVER_4022359.zarr,./topography/DEM_4022359.zarr,./satellite/LANDSAT_LC08_C02_T1_LC08_037024_20151014_4022359_100000_1444845530349.zarr
51.13,-106.58,595.0,0.02,-8.3,-12.1,74.0,27.0,14.0,93.86,-9.5,-12.5,79.0,29.0,13.0,93.89,-11.4,-13.9,82.0,22.0,6.0,93.97,-11.6,-14.1,82.0,28.0,15.0,94.0,-12.1,-14.6,82.0,25.0,7.0,94.05,-12.9,-15.1,84.0,26.0,9.0,94.13,-12.1,-14.4,83.0,27.0,8.0,94.18,-10.3,-13.1,80.0,28.0,9.0,94.24,-9.7,-12.5,80.0,25.0,6.0,94.36,-9.0,-11.6,81.0,28.0,6.0,94.4,-8.9,-11.3,82.0,24.0,8.0,94.48,-7.5,-10.3,81.0,28.0,11.0,94.52,-7.7,-10.5,80.0,29.0,8.0,94.53,-8.9,-11.6,81.0,26.0,10.0,94.59,-9.7,-12.1,83.0,29.0,8.0,94.66,-10.1,-12.0,86.0,27.0,8.0,94.75,-11.4,-13.3,86.0,29.0,9.0,94.85,-10.8,-13.2,82.0,28.0,9.0,94.9,-7.9,-11.5,76.0,27.0,15.0,94.9,-7.2,-11.6,71.0,29.0,12.0,94.9,-6.8,-11.6,68.0,29.0,11.0,94.87,-6.6,-11.3,69.0,29.0,8.0,94.89,-7.1,-11.7,70.0,30.0,5.0,94.94,-9.5,-12.5,78.0,30.0,7.0,94.96,./biomass/BIOMASS_4022359.zarr,./crowncover/CROWN_COVER_4022359.zarr,./fueltype/FUEL_TYPE_4022359.zarr,./landcover/LANDCOVER_4022359.zarr,./topography/DEM_4022359.zarr,./satellite/LANDSAT_LC08_C02_T1_LC08_037024_20191228_4022359_100000_1577555944490.zarr
51.13,-106.58,595.0,0.02,13.7,-6.8,24.0,32.0,14.0,93.86,12.1,-6.1,28.0,34.0,9.0,93.84,6.2,-5.5,43.0,8.0,35.0,93.91,3.0,-2.7,66.0,8.0,34.0,94.04,2.3,-2.5,71.0,9.0,29.0,94.1,1.7,-2.1,76.0,9.0,20.0,94.16,0.2,-2.5,82.0,9.0,10.0,94.21,0.4,-1.6,87.0,8.0,8.0,94.24,-0.6,-2.3,88.0,4.0,9.0,94.28,-3.4,-4.5,92.0,3.0,13.0,94.33,-3.5,-4.4,94.0,5.0,13.0,94.36,-5.0,-6.6,89.0,6.0,12.0,94.42,-5.5,-6.7,91.0,7.0,13.0,94.47,-3.3,-4.5,92.0,8.0,10.0,94.54,0.8,-2.8,77.0,11.0,14.0,94.59,3.4,-3.3,61.0,12.0,14.0,94.62,4.7,-3.7,55.0,18.0,18.0,94.63,6.1,-6.5,40.0,17.0,15.0,94.63,7.1,-7.9,33.0,18.0,19.0,94.63,8.4,-9.5,27.0,18.0,17.0,94.62,9.5,-10.1,24.0,16.0,12.0,94.57,10.3,-12.7,18.0,16.0,12.0,94.54,10.3,-12.3,19.0,16.0,10.0,94.52,10.6,-12.9,18.0,15.0,13.0,94.48,./biomass/BIOMASS_4022359.zarr,./crowncover/CROWN_COVER_4022359.zarr,./fueltype/FUEL_TYPE_4022359.zarr,./landcover/LANDCOVER_4022359.zarr,./topography/DEM_4022359.zarr,./satellite/LANDSAT_LC08_C02_T1_LC08_037024_20150421_4022359_100000_1429639091841.zarr
51.13,-106.58,595.0,0.04,25.8,9.6,36.0,14.0,17.0,93.95,21.8,10.7,49.0,13.0,14.0,93.95,18.1,10.9,63.0,12.0,14.0,93.97,18.3,12.4,68.0,14.0,13.0,93.98,20.1,11.9,59.0,16.0,16.0,93.98,16.2,11.8,75.0,15.0,9.0,94.0,14.2,11.1,82.0,15.0,11.0,93.99,13.7,11.3,85.0,15.0,8.0,94.05,11.6,10.0,90.0,13.0,2.0,94.07,11.4,9.7,89.0,18.0,8.0,94.1,14.0,11.7,86.0,24.0,5.0,94.14,9.8,7.9,88.0,8.0,6.0,94.17,8.7,7.5,92.0,16.0,8.0,94.18,11.6,10.6,94.0,21.0,8.0,94.22,11.9,10.8,93.0,15.0,2.0,94.22,17.1,13.2,78.0,14.0,2.0,94.25,21.0,11.7,55.0,0.0,1.0,94.27,23.1,9.3,42.0,2.0,9.0,94.27,26.3,8.7,33.0,6.0,13.0,94.21,27.9,9.3,31.0,6.0,15.0,94.15,30.1,9.1,27.0,8.0,17.0,94.07,30.3,9.6,28.0,10.0,16.0,94.01,30.4,11.0,30.0,10.0,20.0,93.95,29.5,12.1,34.0,9.0,17.0,93.91,./biomass/BIOMASS_4022359.zarr,./crowncover/CROWN_COVER_4022359.zarr,./fueltype/FUEL_TYPE_4022359.zarr,./landcover/LANDCOVER_4022359.zarr,./topography/DEM_4022359.zarr,./satellite/LANDSAT_LC08_C02_T1_LC08_037025_20140925_4022359_100000_1411667959157.zarr
51.13,-106.58,595.0,0.05,28.9,10.3,32.0,23.0,10.0,94.75,28.8,9.9,31.0,25.0,7.0,94.75,24.3,12.4,48.0,6.0,24.0,94.85,23.2,13.1,53.0,16.0,9.0,94.85,22.5,13.5,57.0,22.0,5.0,94.86,20.3,14.2,68.0,27.0,6.0,94.88,17.3,13.9,80.0,19.0,3.0,94.9,16.8,14.1,84.0,19.0,4.0,94.92,17.1,15.0,88.0,24.0,3.0,94.93,17.0,14.8,87.0,25.0,5.0,94.97,17.2,14.8,86.0,25.0,3.0,94.97,16.8,14.1,85.0,24.0,4.0,94.99,17.1,14.7,86.0,22.0,4.0,95.02,18.9,15.6,81.0,24.0,7.0,95.05,20.9,14.2,66.0,23.0,5.0,95.05,22.7,15.1,62.0,23.0,8.0,95.08,25.4,13.7,48.0,23.0,13.0,95.05,27.6,13.4,41.0,24.0,10.0,95.03,28.7,10.0,31.0,24.0,16.0,94.99,29.9,9.1,27.0,23.0,14.0,94.94,30.6,10.3,29.0,23.0,13.0,94.87,31.5,8.7,24.0,20.0,9.0,94.83,31.6,9.1,25.0,20.0,15.0,94.78,31.3,7.5,23.0,20.0,19.0,94.75,./biomass/BIOMASS_4022359.zarr,./crowncover/CROWN_COVER_4022359.zarr,./fueltype/FUEL_TYPE_4022359.zarr,./landcover/LANDCOVER_4022359.zarr,./topography/DEM_4022359.zarr,./satellite/LANDSAT_LC08_C02_T1_LC08_037024_20210710_4022359_100000_1625939924667.zarr
51.13,-106.58,595.0,0.06,22.5,8.5,41.0,21.0,12.0,94.7,19.8,9.3,51.0,19.0,9.0,94.65,17.0,9.3,60.0,20.0,14.0,94.61,16.4,9.2,63.0,20.0,13.0,94.6,13.8,9.1,73.0,20.0,13.0,94.58,12.7,8.6,76.0,19.0,9.0,94.54,15.4,8.8,65.0,24.0,14.0,94.48,14.8,9.6,71.0,22.0,11.0,94.42,14.2,9.0,71.0,22.0,9.0,94.41,13.7,8.4,70.0,23.0,9.0,94.39,10.2,7.3,82.0,19.0,6.0,94.35,10.4,7.7,84.0,21.0,7.0,94.33,9.4,7.2,86.0,19.0,5.0,94.3,11.7,8.8,82.0,24.0,10.0,94.24,13.1,9.6,79.0,24.0,8.0,94.22,16.4,10.0,66.0,25.0,10.0,94.21,19.0,9.9,55.0,23.0,7.0,94.19,21.5,10.3,49.0,24.0,8.0,94.16,23.7,8.8,39.0,23.0,10.0,94.13,25.5,7.0,31.0,23.0,12.0,94.03,26.8,8.3,31.0,24.0,14.0,93.96,28.1,6.9,26.0,23.0,12.0,93.86,28.7,8.0,27.0,23.0,8.0,93.78,28.5,7.2,26.0,22.0,9.0,93.67,./biomass/BIOMASS_4022359.zarr,./crowncover/CROWN_COVER_4022359.zarr,./fueltype/FUEL_TYPE_4022359.zarr,./landcover/LANDCOVER_4022359.zarr,./topography/DEM_4022359.zarr,./satellite/LANDSAT_LC08_C02_T1_LC08_037024_20150912_4022359_100000_1442080724766.zarr
51.13,-106.58,595.0,0.09,21.5,-0.5,23.0,25.0,30.0,92.93,18.6,2.1,33.0,26.0,21.0,92.97,15.0,0.4,37.0,29.0,14.0,93.04,11.2,1.4,51.0,28.0,7.0,93.09,10.4,1.9,55.0,22.0,7.0,93.14,13.4,3.3,50.0,24.0,14.0,93.19,12.6,3.8,55.0,21.0,14.0,93.19,11.7,3.4,57.0,26.0,14.0,93.29,11.5,3.4,58.0,23.0,13.0,93.28,10.1,3.2,62.0,26.0,16.0,93.31,9.0,2.7,65.0,26.0,14.0,93.33,9.2,3.0,65.0,26.0,16.0,93.35,8.8,2.4,65.0,25.0,19.0,93.44,8.1,2.6,68.0,25.0,19.0,93.49,9.5,2.4,61.0,25.0,23.0,93.5,10.8,3.0,58.0,26.0,21.0,93.53,12.7,2.4,50.0,25.0,15.0,93.53,15.6,2.2,40.0,25.0,18.0,93.51,17.8,2.1,35.0,24.0,13.0,93.45,19.0,0.3,28.0,23.0,14.0,93.42,19.9,-0.5,25.0,22.0,16.0,93.33,20.3,-0.5,25.0,23.0,16.0,93.28,20.8,-0.9,23.0,23.0,15.0,93.21,19.3,-0.1,27.0,23.0,14.0,93.16,./biomass/BIOMASS_4022359.zarr,./crowncover/CROWN_COVER_4022359.zarr,./fueltype/FUEL_TYPE_4022359.zarr,./landcover/LANDCOVER_4022359.zarr,./topography/DEM_4022359.zarr,./satellite/LANDSAT_LC08_C02_T1_LC08_037024_20200925_4022359_100000_1601056747801.zarr
59.57,-108.48,318.2,0.0,-1.3,-6.9,65.0,4.0,20.0,96.99,-3.1,-8.8,65.0,6.0,22.0,97.08,-5.6,-11.1,65.0,5.0,28.0,97.1,-7.7,-12.8,66.0,6.0,25.0,97.19,-9.4,-14.2,68.0,6.0,22.0,97.25,-11.1,-15.7,69.0,6.0,23.0,97.29,-12.3,-16.5,71.0,6.0,23.0,97.27,-13.5,-17.4,72.0,5.0,26.0,97.28,-14.8,-18.3,74.0,6.0,20.0,97.29,-15.7,-19.0,76.0,6.0,22.0,97.33,-16.2,-19.3,77.0,6.0,24.0,97.4,-17.1,-20.0,78.0,6.0,23.0,97.41,-17.3,-20.2,78.0,6.0,20.0,97.48,-17.3,-20.7,75.0,6.0,18.0,97.56,-15.4,-19.7,70.0,6.0,23.0,97.57,-13.4,-18.7,64.0,7.0,20.0,97.58,-11.2,-17.4,60.0,6.0,20.0,97.6,-8.9,-16.2,55.0,7.0,14.0,97.67,-7.6,-16.0,51.0,7.0,12.0,97.72,-6.8,-16.4,46.0,7.0,12.0,97.74,-6.3,-15.8,47.0,4.0,15.0,97.78,-5.7,-17.3,40.0,5.0,14.0,97.82,-5.9,-17.8,38.0,6.0,15.0,97.87,-6.3,-18.0,39.0,6.0,17.0,97.93,./biomass/BIOMASS_406QLD0.zarr,./crowncover/CROWN_COVER_406QLD0.zarr,./fueltype/FUEL_TYPE_406QLD0.zarr,./landcover/LANDCOVER_406QLD0.zarr,./topography/DEM_406QLD0.zarr,./satellite/LANDSAT_LC08_C02_T1_LC08_041018_20150401_406QLD0_100000_1427912434175.zarr
59.57,-108.48,318.2,0.0,-18.1,-21.0,78.0,28.0,8.0,97.11,-18.8,-22.6,72.0,32.0,11.0,97.05,-19.9,-23.4,74.0,35.0,13.0,97.08,-20.9,-24.8,71.0,2.0,16.0,97.12,-21.5,-25.4,70.0,1.0,14.0,97.2,-22.2,-26.0,71.0,1.0,11.0,97.3,-22.5,-26.4,71.0,36.0,12.0,97.42,-23.7,-27.1,73.0,33.0,6.0,97.53,-24.3,-27.5,75.0,33.0,10.0,97.62,-25.3,-28.3,76.0,32.0,9.0,97.69,-26.0,-29.1,75.0,33.0,9.0,97.77,-26.8,-30.2,73.0,36.0,9.0,97.92,-27.5,-31.0,71.0,34.0,9.0,97.99,-27.7,-31.3,71.0,32.0,11.0,98.07,-27.2,-31.1,70.0,33.0,11.0,98.12,-27.3,-31.4,68.0,31.0,10.0,98.16,-26.3,-31.5,62.0,32.0,15.0,98.23,-25.9,-31.6,59.0,32.0,22.0,98.29,-24.8,-31.1,56.0,31.0,14.0,98.4,-23.4,-30.1,54.0,30.0,15.0,98.42,-22.6,-29.8,52.0,30.0,16.0,98.46,-21.7,-29.2,51.0,30.0,16.0,98.5,-21.8,-29.3,51.0,31.0,17.0,98.56,-22.2,-29.3,53.0,29.0,15.0,98.59,./biomass/BIOMASS_406QLD0.zarr,./crowncover/CROWN_COVER_406QLD0.zarr,./fueltype/FUEL_TYPE_406QLD0.zarr,./landcover/LANDCOVER_406QLD0.zarr,./topography/DEM_406QLD0.zarr,./satellite/LANDSAT_LC08_C02_T1_LC08_042018_20220310_406QLD0_100000_1646936839479.zarr
59.57,-108.48,318.2,0.0,-3.6,-16.1,37.0,22.0,6.0,97.85,-4.1,-16.6,37.0,23.0,4.0,97.86,-8.0,-16.8,49.0,15.0,0.0,97.88,-10.8,-17.3,59.0,7.0,5.0,97.92,-12.7,-18.0,64.0,6.0,7.0,97.93,-14.1,-18.5,69.0,7.0,7.0,97.94,-14.9,-18.9,71.0,8.0,5.0,97.94,-16.1,-19.4,76.0,7.0,7.0,97.95,-16.1,-19.3,77.0,7.0,10.0,97.94,-17.0,-20.0,77.0,7.0,8.0,97.92,-17.6,-20.4,79.0,7.0,8.0,97.92,-18.2,-21.1,78.0,7.0,5.0,97.94,-16.2,-20.0,73.0,7.0,8.0,97.95,-11.7,-18.2,58.0,7.0,5.0,97.94,-6.4,-16.5,44.0,15.5,0.0,97.94,-4.5,-16.2,40.0,24.0,3.0,97.97,-2.5,-18.0,29.0,34.0,7.0,97.96,-1.8,-18.8,26.0,1.0,8.0,97.96,-0.7,-17.0,28.0,27.0,5.0,97.94,-0.4,-16.9,27.0,21.0,10.0,97.92,-0.5,-16.3,29.0,21.0,12.0,97.91,-0.3,-13.8,35.0,20.0,12.0,97.9,-0.4,-14.0,35.0,23.0,9.0,97.89,-0.6,-15.2,32.0,26.0,17.0,97.88,./biomass/BIOMASS_406QLD0.zarr,./crowncover/CROWN_COVER_406QLD0.zarr,./fueltype/FUEL_TYPE_406QLD0.zarr,./landcover/LANDCOVER_406QLD0.zarr,./topography/DEM_406QLD0.zarr,./satellite/LANDSAT_LC08_C02_T1_LC08_041018_20220420_406QLD0_100000_1650478859185.zarr
59.57,-108.48,318.2,0.0,-7.3,-14.4,57.0,34.0,9.0,97.45,-9.8,-15.4,63.0,2.0,10.0,97.51,-10.1,-15.3,65.0,3.0,15.0,97.56,-11.0,-15.4,70.0,3.0,16.0,97.63,-12.8,-16.4,74.0,3.0,18.0,97.69,-15.4,-19.4,71.0,5.0,17.0,97.8,-18.1,-22.4,69.0,3.0,24.0,97.89,-21.1,-25.9,65.0,5.0,18.0,98.01,-22.7,-27.4,65.0,4.0,16.0,98.09,-24.5,-29.0,66.0,3.0,16.0,98.21,-25.9,-30.1,67.0,3.0,12.0,98.33,-26.8,-30.9,68.0,3.0,14.0,98.43,-27.9,-31.9,68.0,2.0,5.0,98.52,-27.9,-31.9,69.0,1.0,9.0,98.63,-27.3,-31.9,65.0,35.0,9.0,98.7,-25.9,-31.3,61.0,34.0,14.0,98.77,-24.5,-30.8,56.0,33.0,10.0,98.84,-23.1,-29.8,54.0,33.0,13.0,98.91,-21.3,-28.0,54.0,35.0,15.0,98.97,-19.7,-27.1,52.0,33.0,14.0,99.01,-18.3,-26.2,50.0,33.0,16.0,99.07,-17.6,-26.0,48.0,33.0,17.0,99.13,-17.2,-25.5,49.0,31.0,16.0,99.2,-17.1,-24.9,51.0,32.0,14.0,99.26,./biomass/BIOMASS_406QLD0.zarr,./crowncover/CROWN_COVER_406QLD0.zarr,./fueltype/FUEL_TYPE_406QLD0.zarr,./landcover/LANDCOVER_406QLD0.zarr,./topography/DEM_406QLD0.zarr,./satellite/LANDSAT_LC08_C02_T1_LC08_042018_20140320_406QLD0_100000_1395340066204.zarr
59.57,-108.48,318.2,0.0,-21.4,-24.8,74.0,1.0,6.0,97.29,-21.6,-24.9,74.0,1.0,4.0,97.31,-21.7,-24.9,75.0,1.0,5.0,97.34,-22.2,-25.4,75.0,2.0,6.0,97.37,-22.6,-25.7,75.0,3.0,5.0,97.41,-25.3,-28.2,76.0,6.0,3.0,97.43,-26.7,-29.5,77.0,5.0,5.0,97.45,-27.2,-30.1,76.0,6.0,4.0,97.45,-25.7,-28.6,77.0,6.0,5.0,97.48,-24.7,-27.7,76.0,15.0,0.0,97.48,-26.1,-29.1,76.0,24.0,0.0,97.51,-27.1,-30.2,75.0,33.0,5.0,97.47,-27.8,-30.7,77.0,26.0,5.0,97.44,-28.4,-31.3,76.0,29.0,6.0,97.42,-29.0,-31.8,77.0,28.0,5.0,97.38,-28.5,-31.5,75.0,28.0,8.0,97.35,-30.9,-34.1,73.0,1.0,3.0,97.31,-29.8,-33.0,74.0,14.5,0.0,97.24,-27.7,-30.7,75.0,28.0,6.0,97.18,-27.9,-31.0,75.0,23.6,0.0,97.11,-28.2,-31.3,75.0,19.2,0.0,97.05,-30.0,-33.3,73.0,14.8,0.0,97.02,-32.5,-35.8,72.0,10.4,0.0,96.98,-34.2,-37.6,71.0,6.0,5.0,96.97,./biomass/BIOMASS_406QLD0.zarr,./crowncover/CROWN_COVER_406QLD0.zarr,./fueltype/FUEL_TYPE_406QLD0.zarr,./landcover/LANDCOVER_406QLD0.zarr,./topography/DEM_406QLD0.zarr,./satellite/LANDSAT_LC08_C02_T1_LC08_041018_20211229_406QLD0_100000_1640802085408.zarr
59.57,-108.48,318.2,0.0,-16.4,-24.4,50.0,28.0,10.0,97.91,-17.2,-24.7,52.0,32.0,8.0,97.94,-18.8,-25.3,57.0,28.0,7.0,97.98,-19.5,-25.3,60.0,28.0,11.0,98.05,-19.3,-25.8,56.0,29.0,11.0,98.08,-20.5,-26.3,60.0,29.0,11.0,98.14,-20.5,-26.4,59.0,31.0,12.0,98.2,-21.5,-27.0,61.0,32.0,12.0,98.3,-22.4,-27.5,63.0,29.0,12.0,98.37,-23.5,-28.5,64.0,28.0,10.0,98.47,-25.1,-29.4,68.0,26.0,11.0,98.55,-25.9,-29.7,70.0,28.0,11.0,98.67,-26.2,-29.7,72.0,26.0,13.0,98.74,-27.3,-30.7,73.0,28.0,12.0,98.81,-25.5,-29.4,70.0,27.0,13.0,98.88,-23.5,-28.7,63.0,25.0,12.0,98.97,-21.7,-27.9,57.0,23.0,11.0,99.03,-19.3,-26.8,51.0,27.0,19.0,99.07,-18.1,-26.6,47.0,29.0,25.0,99.08,-17.3,-26.9,43.0,29.0,24.0,99.16,-16.0,-26.0,42.0,30.0,20.0,99.19,-15.7,-26.0,41.0,31.0,21.0,99.21,-15.3,-26.1,39.0,29.0,21.0,99.24,-15.5,-25.8,41.0,29.0,16.0,99.25,./biomass/BIOMASS_406QLD0.zarr,./crowncover/CROWN_COVER_406QLD0.zarr,./fueltype/FUEL_TYPE_406QLD0.zarr,./landcover/LANDCOVER_406QLD0.zarr,./topography/DEM_406QLD0.zarr,./satellite/LANDSAT_LC08_C02_T1_LC08_041018_20150316_406QLD0_100000_1426530045720.zarr
59.57,-108.48,318.2,0.0,-2.3,-15.5,35.0,24.0,4.0,97.82,-5.3,-15.7,44.0,15.5,0.0,97.81,-9.0,-16.4,55.0,7.0,3.0,97.83,-12.3,-17.0,68.0,6.0,6.0,97.84,-14.9,-18.8,72.0,7.0,7.0,97.82,-15.6,-19.3,73.0,6.0,7.0,97.81,-18.0,-21.1,77.0,7.0,7.0,97.8,-18.4,-20.9,81.0,6.0,7.0,97.8,-18.8,-21.3,81.0,6.0,8.0,97.78,-19.9,-22.1,82.0,6.0,7.0,97.77,-21.3,-23.6,82.0,6.0,6.0,97.78,-21.6,-23.8,83.0,6.0,7.0,97.77,-20.7,-23.1,81.0,6.0,6.0,97.75,-17.2,-20.4,76.0,6.0,7.0,97.74,-9.1,-15.2,61.0,25.0,5.0,97.74,-7.2,-15.7,51.0,22.0,5.0,97.72,-5.4,-15.6,45.0,21.0,6.0,97.72,-2.4,-14.4,39.0,22.0,4.0,97.73,-2.0,-15.8,34.0,30.0,15.0,97.72,-1.4,-15.3,34.0,27.0,20.0,97.71,-1.6,-15.4,34.0,30.0,22.0,97.72,-1.4,-16.8,30.0,30.0,19.0,97.72,-1.5,-15.3,34.0,31.0,18.0,97.72,-1.7,-15.6,34.0,29.0,23.0,97.73,./biomass/BIOMASS_406QLD0.zarr,./crowncover/CROWN_COVER_406QLD0.zarr,./fueltype/FUEL_TYPE_406QLD0.zarr,./landcover/LANDCOVER_406QLD0.zarr,./topography/DEM_406QLD0.zarr,./satellite/LANDSAT_LC08_C02_T1_LC08_041018_20180409_406QLD0_100000_1523298032486.zarr
59.57,-108.48,318.2,0.0,-10.4,-23.7,33.0,19.0,4.0,98.17,-14.9,-24.6,43.0,13.0,0.0,98.17,-18.5,-25.2,56.0,7.0,7.0,98.16,-20.1,-25.7,61.0,7.0,9.0,98.16,-21.0,-26.4,62.0,7.0,10.0,98.14,-21.4,-27.1,60.0,7.0,9.0,98.14,-20.2,-26.1,59.0,7.0,9.0,98.14,-22.7,-27.6,65.0,7.0,8.0,98.17,-21.6,-27.4,59.0,7.0,11.0,98.19,-21.0,-27.0,59.0,7.0,11.0,98.2,-19.4,-25.6,58.0,7.0,12.0,98.21,-21.8,-26.8,63.0,7.0,9.0,98.25,-21.7,-26.8,64.0,7.0,10.0,98.28,-19.7,-25.3,61.0,7.0,9.0,98.31,-15.9,-23.9,51.0,7.0,8.0,98.32,-12.0,-22.6,41.0,10.0,10.0,98.33,-10.7,-22.6,37.0,11.0,13.0,98.35,-9.7,-23.0,33.0,10.0,13.0,98.37,-8.7,-22.9,31.0,10.0,11.0,98.37,-8.5,-23.4,29.0,10.0,11.0,98.37,-7.5,-23.1,27.0,11.0,10.0,98.34,-7.4,-21.7,31.0,11.0,10.0,98.36,-7.5,-20.7,34.0,10.0,10.0,98.34,-8.2,-21.3,34.0,10.0,11.0,98.33,./biomass/BIOMASS_406QLD0.zarr,./crowncover/CROWN_COVER_406QLD0.zarr,./fueltype/FUEL_TYPE_406QLD0.zarr,./landcover/LANDCOVER_406QLD0.zarr,./topography/DEM_406QLD0.zarr,./satellite/LANDSAT_LC08_C02_T1_LC08_041018_20240324_406QLD0_100000_1711304450581.zarr
59.57,-108.48,318.2,0.0,-20.5,-25.3,65.0,11.46,0.0,99.97,-24.7,-28.1,73.0,7.0,5.0,99.93,-27.6,-30.7,75.0,7.0,7.0,99.92,-29.1,-32.2,75.0,7.0,9.0,99.9,-29.9,-32.7,76.0,6.0,11.0,99.9,-30.3,-33.3,75.0,7.0,10.0,99.86,-30.8,-33.8,74.0,7.0,9.0,99.87,-31.0,-34.1,74.0,6.0,7.0,99.88,-32.1,-35.3,73.0,7.0,8.0,99.87,-32.9,-36.3,72.0,7.0,10.0,99.85,-32.5,-35.6,73.0,7.0,8.0,99.85,-32.9,-36.2,72.0,7.0,10.0,99.85,-32.5,-35.8,73.0,7.0,9.0,99.86,-32.4,-35.6,73.0,7.0,8.0,99.87,-28.9,-31.9,75.0,7.0,9.0,99.89,-25.1,-28.2,75.0,8.0,3.0,99.91,-20.0,-24.7,66.0,15.5,0.0,99.89,-16.6,-24.2,52.0,23.0,5.0,99.9,-14.4,-23.7,45.0,21.0,4.0,99.88,-13.9,-24.7,40.0,17.0,4.0,99.86,-13.1,-24.9,36.0,22.0,5.0,99.81,-12.3,-24.8,35.0,23.0,4.0,99.74,-12.3,-24.9,34.0,19.0,6.0,99.71,-13.3,-24.8,38.0,19.0,5.0,99.65,./biomass/BIOMASS_406QLD0.zarr,./crowncover/CROWN_COVER_406QLD0.zarr,./fueltype/FUEL_TYPE_406QLD0.zarr,./landcover/LANDCOVER_406QLD0.zarr,./topography/DEM_406QLD0.zarr,./satellite/LANDSAT_LC08_C02_T1_LC08_042018_20170312_406QLD0_100000_1489343226027.zarr
59.57,-108.48,318.2,0.0,-24.2,-26.9,79.0,29.0,8.0,98.56,-24.6,-27.4,77.0,30.0,7.0,98.56,-24.3,-27.3,77.0,33.0,7.0,98.58,-25.5,-28.4,77.0,36.0,5.0,98.6,-26.0,-28.8,77.0,2.0,7.0,98.65,-26.1,-29.0,76.0,36.0,5.0,98.67,-26.5,-29.4,76.0,34.0,7.0,98.75,-26.9,-30.0,75.0,33.0,7.0,98.84,-28.8,-31.9,74.0,34.0,0.0,98.89,-27.6,-30.7,75.0,35.0,8.0,98.98,-27.8,-31.0,75.0,33.0,6.0,99.03,-30.9,-33.8,75.0,30.0,4.0,99.06,-29.8,-32.1,81.0,31.0,5.0,99.12,-27.7,-30.6,77.0,31.0,9.0,99.14,-31.0,-34.1,74.0,31.0,5.0,99.21,-32.1,-35.3,73.0,30.5,0.0,99.2,-28.8,-31.6,77.0,30.0,0.0,99.22,-24.6,-27.2,79.0,29.5,0.0,99.25,-21.7,-25.0,74.0,29.0,10.0,99.25,-20.0,-23.6,73.0,25.0,7.0,99.29,-20.7,-23.8,76.0,28.0,10.0,99.29,-21.6,-24.6,77.0,26.0,8.0,99.29,-22.7,-25.2,80.0,25.0,7.0,99.3,-23.9,-26.2,81.0,27.0,7.0,99.3,./biomass/BIOMASS_406QLD0.zarr,./crowncover/CROWN_COVER_406QLD0.zarr,./fueltype/FUEL_TYPE_406QLD0.zarr,./landcover/LANDCOVER_406QLD0.zarr,./topography/DEM_406QLD0.zarr,./satellite/LANDSAT_LC08_C02_T1_LC08_041019_20170201_406QLD0_100000_1485973296295.zarr
54.68,-101.68,303.9,0.02,-22.1,-28.0,59.0,34.0,10.0,98.62,-23.3,-28.6,62.0,34.0,10.0,98.7,-24.6,-29.2,66.0,34.0,8.0,98.7,-26.1,-29.6,72.0,34.0,8.0,98.73,-26.7,-30.3,72.0,34.0,9.0,98.73,-27.9,-31.0,74.0,32.0,9.0,98.76,-28.4,-31.5,75.0,34.0,10.0,98.8,-28.9,-31.9,75.0,34.0,6.0,98.83,-29.6,-32.8,74.0,33.0,9.0,98.84,-29.1,-32.2,75.0,30.0,13.0,98.89,-29.5,-32.7,74.0,30.0,12.0,98.91,-29.9,-33.0,74.0,30.0,12.0,98.95,-30.5,-33.6,74.0,31.0,12.0,98.98,-30.8,-34.0,73.0,31.0,8.0,99.02,-32.7,-36.4,70.0,30.0,6.0,99.04,-30.5,-33.6,74.0,31.0,8.0,99.05,-28.5,-32.1,71.0,33.0,9.0,99.06,-26.3,-30.8,66.0,34.0,11.0,99.05,-24.2,-29.7,61.0,31.0,13.0,99.05,-22.4,-28.2,59.0,33.0,7.0,99.06,-21.5,-28.2,55.0,32.0,8.0,99.01,-19.9,-27.3,52.0,34.0,6.0,98.99,-19.5,-27.1,51.0,18.0,6.0,98.94,-20.7,-27.3,55.0,18.0,6.0,98.93,./biomass/BIOMASS_5050919.zarr,./crowncover/CROWN_COVER_5050919.zarr,./fueltype/FUEL_TYPE_5050919.zarr,./landcover/LANDCOVER_5050919.zarr,./topography/DEM_5050919.zarr,./satellite/LANDSAT_LC08_C02_T1_LC08_035022_20150218_5050919_100000_1424281529609.zarr
54.68,-101.68,303.9,0.03,-17.0,-25.1,49.0,32.0,10.0,99.25,-20.0,-26.0,59.0,31.0,0.0,99.28,-22.0,-27.3,62.0,30.0,0.0,99.22,-24.4,-28.3,70.0,29.0,0.0,99.17,-22.9,-26.7,71.0,28.0,7.0,99.14,-24.1,-29.0,64.0,29.0,7.0,99.13,-28.2,-31.4,74.0,29.08,0.0,99.11,-29.4,-32.5,74.0,29.17,0.0,99.08,-30.6,-33.8,73.0,29.25,0.0,99.07,-31.0,-34.1,74.0,29.33,0.0,99.05,-31.2,-34.0,76.0,29.42,0.0,99.01,-32.2,-35.2,75.0,29.5,0.0,98.99,-32.7,-35.8,74.0,29.58,0.0,98.97,-34.2,-37.7,71.0,29.67,0.0,98.95,-33.2,-36.4,73.0,29.75,0.0,98.93,-31.8,-35.3,71.0,29.83,0.0,98.95,-25.3,-29.2,70.0,29.92,0.0,98.94,-20.0,-25.2,63.0,30.0,3.0,98.94,-17.7,-24.0,58.0,32.0,11.0,98.89,-16.4,-23.4,54.0,32.0,6.0,98.86,-14.7,-22.7,51.0,29.0,6.0,98.8,-14.3,-22.7,49.0,31.0,7.0,98.77,-14.1,-22.7,48.0,32.0,7.0,98.75,-13.8,-23.1,45.0,31.0,6.0,98.73,./biomass/BIOMASS_5050919.zarr,./crowncover/CROWN_COVER_5050919.zarr,./fueltype/FUEL_TYPE_5050919.zarr,./landcover/LANDCOVER_5050919.zarr,./topography/DEM_5050919.zarr,./satellite/LANDSAT_LC08_C02_T1_LC08_035022_20140303_5050919_100000_1393868774928.zarr
54.68,-101.68,303.9,0.04,-14.0,-20.2,59.0,24.0,6.0,98.78,-17.7,-21.1,75.0,26.0,8.0,98.83,-20.8,-23.7,78.0,26.0,7.0,98.86,-21.5,-23.9,81.0,25.0,6.0,98.89,-23.9,-26.4,80.0,26.0,10.0,98.9,-24.4,-26.4,83.0,25.0,3.0,98.9,-26.2,-29.0,78.0,22.5,0.0,98.91,-25.6,-28.4,77.0,20.0,4.0,98.92,-27.5,-30.1,78.0,23.0,5.0,98.93,-26.6,-29.2,78.0,22.8,0.0,98.91,-26.8,-29.3,79.0,22.6,0.0,98.89,-28.4,-31.2,77.0,22.4,0.0,98.86,-28.0,-30.7,78.0,22.2,0.0,98.87,-28.7,-31.6,76.0,22.0,4.0,98.85,-29.6,-32.6,75.0,23.0,0.0,98.83,-26.7,-29.3,79.0,24.0,3.0,98.81,-24.1,-26.6,80.0,19.0,3.0,98.81,-21.1,-23.4,82.0,19.0,0.0,98.8,-16.5,-20.0,74.0,19.0,0.0,98.75,-13.0,-18.9,61.0,19.0,5.0,98.69,-11.5,-19.3,53.0,18.0,9.0,98.64,-10.7,-18.4,53.0,17.0,9.0,98.61,-9.9,-17.8,52.0,17.0,6.0,98.56,-10.9,-18.1,55.0,17.0,5.0,98.5,./biomass/BIOMASS_5050919.zarr,./crowncover/CROWN_COVER_5050919.zarr,./fueltype/FUEL_TYPE_5050919.zarr,./landcover/LANDCOVER_5050919.zarr,./topography/DEM_5050919.zarr,./satellite/LANDSAT_LC08_C02_T1_LC08_035022_20160221_5050919_100000_1456076734318.zarr
54.68,-101.68,303.9,0.07,-17.0,-18.6,88.0,31.26,0.0,96.67,-17.0,-18.5,88.0,31.26,0.0,96.76,-17.4,-18.9,88.0,31.26,0.0,96.86,-17.1,-18.6,88.0,31.26,0.0,96.97,-17.4,-19.0,87.0,31.26,0.0,97.12,-17.3,-18.8,88.0,30.0,4.0,97.24,-15.7,-17.2,88.0,33.0,16.0,97.36,-15.0,-17.1,84.0,34.0,18.0,97.48,-15.0,-17.1,84.0,33.0,8.0,97.56,-14.5,-16.6,84.0,32.0,16.0,97.67,-17.1,-19.3,83.0,31.0,22.0,97.82,-18.4,-21.1,80.0,33.0,18.0,97.95,-20.6,-23.6,77.0,33.0,23.0,98.11,-22.1,-25.0,77.0,33.0,18.0,98.22,-23.0,-26.0,76.0,33.0,17.0,98.31,-23.9,-26.9,76.0,32.0,18.0,98.42,-24.2,-27.3,76.0,32.0,15.0,98.53,-23.8,-27.1,74.0,31.0,20.0,98.63,-23.2,-26.7,73.0,32.0,15.0,98.67,-22.5,-26.0,73.0,32.0,13.0,98.67,-22.2,-25.8,73.0,30.0,13.0,98.65,-21.2,-24.8,73.0,28.0,11.0,98.68,-21.6,-24.7,75.0,26.0,3.0,98.64,-22.8,-25.3,80.0,26.0,0.0,98.65,./biomass/BIOMASS_5050919.zarr,./crowncover/CROWN_COVER_5050919.zarr,./fueltype/FUEL_TYPE_5050919.zarr,./landcover/LANDCOVER_5050919.zarr,./topography/DEM_5050919.zarr,./satellite/LANDSAT_LC08_C02_T1_LC08_035022_20140114_5050919_100000_1389721610569.zarr
54.68,-101.68,303.9,0.1,-29.5,-33.0,72.0,28.0,12.0,99.48,-29.8,-33.3,71.0,29.0,12.0,99.44,-30.2,-33.7,72.0,28.0,6.0,99.43,-30.4,-33.8,72.0,27.0,13.0,99.4,-30.6,-33.9,73.0,27.0,11.0,99.35,-30.4,-33.6,73.0,27.0,12.0,99.3,-30.1,-33.3,74.0,27.0,15.0,99.23,-29.6,-32.9,74.0,27.0,18.0,99.16,-29.5,-32.8,73.0,27.0,12.0,99.11,-29.3,-32.6,73.0,26.0,10.0,99.05,-30.1,-33.3,74.0,26.5,0.0,98.94,-29.4,-32.5,75.0,27.0,11.0,98.92,-30.0,-33.0,75.0,26.0,15.0,98.84,-30.8,-33.9,75.0,25.0,11.0,98.77,-31.2,-34.3,74.0,26.5,0.0,98.69,-31.2,-34.2,74.0,28.0,14.0,98.68,-30.3,-33.4,74.0,29.0,10.0,98.68,-29.3,-32.7,72.0,30.0,5.0,98.67,-28.5,-32.1,71.0,32.0,12.0,98.58,-27.9,-31.6,70.0,33.0,7.0,98.5,-27.5,-31.6,68.0,35.0,11.0,98.44,-27.5,-31.8,67.0,34.0,7.0,98.47,-27.9,-31.9,69.0,31.0,5.0,98.46,-29.3,-32.9,71.0,33.0,3.0,98.48,./biomass/BIOMASS_5050919.zarr,./crowncover/CROWN_COVER_5050919.zarr,./fueltype/FUEL_TYPE_5050919.zarr,./landcover/LANDCOVER_5050919.zarr,./topography/DEM_5050919.zarr,./satellite/LANDSAT_LC08_C02_T1_LC08_035022_20131229_5050919_100000_1388339225697.zarr
54.68,-101.68,303.9,0.19,9.6,5.0,73.0,1.0,23.0,98.24,9.9,5.0,71.0,1.0,20.0,98.21,10.3,4.7,68.0,36.0,15.0,98.2,9.4,5.3,76.0,35.0,4.0,98.21,7.3,4.2,80.0,32.0,9.0,98.21,8.1,2.6,68.0,33.0,15.0,98.21,7.1,2.5,72.0,31.0,13.0,98.22,6.7,2.2,73.0,30.0,13.0,98.22,6.3,2.2,75.0,31.0,11.0,98.22,6.7,1.8,71.0,30.0,11.0,98.22,7.3,1.8,68.0,31.0,16.0,98.21,7.1,1.8,69.0,31.0,14.0,98.23,8.2,2.1,66.0,30.0,13.0,98.24,11.3,2.6,55.0,33.0,14.0,98.25,13.6,2.3,46.0,34.0,16.0,98.22,16.0,2.1,39.0,33.0,16.0,98.18,17.6,0.5,31.0,32.0,27.0,98.14,19.0,1.0,30.0,34.0,23.0,98.09,20.1,-0.1,26.0,32.0,23.0,98.05,21.5,0.9,26.0,32.0,26.0,98.03,21.7,-0.2,23.0,34.0,26.0,98.01,22.7,0.2,22.0,34.0,26.0,97.97,21.7,-1.1,22.0,33.0,22.0,97.93,22.3,0.2,23.0,1.0,14.0,97.91,./biomass/BIOMASS_5050919.zarr,./crowncover/CROWN_COVER_5050919.zarr,./fueltype/FUEL_TYPE_5050919.zarr,./landcover/LANDCOVER_5050919.zarr,./topography/DEM_5050919.zarr,./satellite/LANDSAT_LC08_C02_T1_LC08_035022_20170530_5050919_100000_1496166316253.zarr
54.68,-101.68,303.9,0.4,11.3,-7.5,26.0,2.0,10.0,98.83,11.2,-6.3,29.0,34.0,7.0,98.81,9.9,-5.9,32.0,32.79,0.0,98.79,5.5,-4.0,50.0,31.57,0.0,98.8,2.1,-3.0,69.0,30.36,0.0,98.82,0.5,-3.2,77.0,29.14,0.0,98.81,-0.4,-3.4,80.0,27.93,0.0,98.81,-1.5,-4.7,79.0,26.71,0.0,98.79,-1.8,-3.8,87.0,25.5,0.0,98.8,-2.3,-4.0,88.0,24.29,0.0,98.81,-2.5,-3.7,91.0,23.07,0.0,98.81,-2.5,-3.6,92.0,21.86,0.0,98.8,-1.0,-3.3,84.0,20.64,0.0,98.81,1.7,-2.7,73.0,19.43,0.0,98.8,5.7,-2.1,57.0,18.21,0.0,98.78,10.5,-5.8,31.0,17.0,5.0,98.74,12.2,-5.2,29.0,18.0,10.0,98.71,12.5,-5.5,28.0,16.0,10.0,98.68,13.6,-4.6,28.0,17.0,13.0,98.62,14.4,-4.9,26.0,17.0,13.0,98.58,15.0,-6.0,23.0,17.0,11.0,98.54,14.7,-6.0,23.0,17.0,9.0,98.49,15.1,-5.3,24.0,17.0,9.0,98.46,14.8,-4.4,26.0,16.0,7.0,98.42,./biomass/BIOMASS_5050919.zarr,./crowncover/CROWN_COVER_5050919.zarr,./fueltype/FUEL_TYPE_5050919.zarr,./landcover/LANDCOVER_5050919.zarr,./topography/DEM_5050919.zarr,./satellite/LANDSAT_LC08_C02_T1_LC08_034022_20140515_5050919_100000_1400175542613.zarr
54.68,-101.68,303.9,0.49,-17.2,-19.3,83.0,17.0,4.0,98.1,-18.1,-20.1,84.0,17.29,0.0,98.04,-20.7,-22.7,85.0,17.57,0.0,97.98,-19.6,-21.5,85.0,17.86,0.0,97.95,-19.2,-21.1,85.0,18.14,0.0,97.96,-18.6,-20.4,85.0,18.43,0.0,97.93,-17.9,-19.6,86.0,18.71,0.0,97.92,-16.9,-18.6,86.0,19.0,3.0,97.91,-16.4,-18.1,86.0,25.0,5.0,97.89,-16.4,-18.3,85.0,27.0,4.0,97.92,-16.1,-18.1,85.0,27.0,6.0,97.95,-15.9,-18.0,84.0,31.0,6.0,97.99,-15.7,-17.9,83.0,32.0,6.0,98.0,-15.6,-17.8,83.0,34.0,7.0,98.02,-15.6,-17.8,83.0,33.0,8.0,98.09,-15.9,-18.1,84.0,33.0,7.0,98.16,-17.5,-19.8,83.0,32.0,12.0,98.25,-16.2,-18.7,81.0,34.0,13.0,98.34,-15.4,-17.9,81.0,34.0,13.0,98.4,-14.6,-17.4,79.0,35.0,15.0,98.41,-14.3,-17.1,79.0,34.0,16.0,98.46,-13.8,-16.7,78.0,34.0,13.0,98.51,-13.5,-16.5,78.0,35.0,15.0,98.59,-13.5,-16.4,79.0,35.0,13.0,98.68,./biomass/BIOMASS_5050919.zarr,./crowncover/CROWN_COVER_5050919.zarr,./fueltype/FUEL_TYPE_5050919.zarr,./landcover/LANDCOVER_5050919.zarr,./topography/DEM_5050919.zarr,./satellite/LANDSAT_LC08_C02_T1_LC08_035022_20160120_5050919_100000_1453311945971.zarr
54.68,-101.68,303.9,0.97,-23.1,-27.0,70.0,26.58,0.0,98.3,-24.7,-28.0,74.0,26.58,0.0,98.27,-26.0,-29.3,74.0,26.58,0.0,98.28,-26.0,-29.0,76.0,26.58,0.0,98.29,-27.4,-30.1,77.0,26.58,0.0,98.25,-27.2,-30.1,77.0,26.58,0.0,98.28,-27.4,-30.4,76.0,26.58,0.0,98.33,-27.2,-30.1,77.0,26.58,0.0,98.32,-26.8,-29.6,77.0,26.58,0.0,98.24,-25.9,-28.6,78.0,26.58,0.0,98.19,-25.0,-28.0,76.0,26.58,0.0,98.2,-25.0,-28.0,76.0,26.58,0.0,98.21,-25.3,-28.3,76.0,26.58,0.0,98.19,-26.0,-28.7,78.0,26.58,0.0,98.16,-26.7,-29.5,78.0,26.58,0.0,98.1,-27.6,-30.7,75.0,26.58,0.0,98.08,-25.8,-28.8,75.0,26.58,0.0,98.04,-23.7,-27.1,74.0,26.58,0.0,98.01,-21.8,-25.7,71.0,28.0,3.0,97.95,-19.9,-24.5,67.0,27.5,0.0,97.88,-20.1,-25.0,65.0,27.0,10.0,97.82,-19.6,-24.7,64.0,26.0,10.0,97.77,-18.8,-24.4,62.0,26.0,12.0,97.73,-19.3,-24.5,63.0,25.0,8.0,97.69,./biomass/BIOMASS_5050919.zarr,./crowncover/CROWN_COVER_5050919.zarr,./fueltype/FUEL_TYPE_5050919.zarr,./landcover/LANDCOVER_5050919.zarr,./topography/DEM_5050919.zarr,./satellite/LANDSAT_LC08_C02_T1_LC08_035022_20170207_5050919_100000_1486489539573.zarr
54.68,-101.68,303.9,1.19,22.8,2.1,26.0,16.0,11.0,98.23,22.7,2.5,27.0,19.0,7.0,98.23,20.6,5.5,37.0,20.0,15.0,98.25,18.0,5.7,44.0,20.0,15.0,98.3,15.6,5.8,52.0,21.0,11.0,98.35,14.9,4.4,49.0,22.0,4.0,98.4,14.2,6.6,60.0,21.33,0.0,98.44,13.4,5.7,60.0,20.67,0.0,98.47,11.2,5.7,69.0,20.0,0.0,98.5,12.4,5.8,64.0,19.33,0.0,98.51,10.6,4.6,66.0,18.67,0.0,98.51,10.5,5.6,72.0,18.0,0.0,98.51,12.8,7.0,68.0,17.33,0.0,98.54,14.6,8.2,65.0,16.67,0.0,98.57,16.5,6.9,53.0,16.0,9.0,98.57,17.7,7.3,50.0,17.0,11.0,98.59,19.0,2.7,34.0,17.0,11.0,98.6,20.3,0.5,27.0,17.0,13.0,98.59,21.3,-1.5,22.0,17.0,13.0,98.58,22.7,0.7,23.0,16.0,13.0,98.55,23.0,-0.5,21.0,17.0,13.0,98.53,23.5,0.6,22.0,18.0,13.0,98.49,23.7,-1.2,19.0,17.0,13.0,98.44,23.4,-0.3,21.0,17.0,11.0,98.42,./biomass/BIOMASS_5050919.zarr,./crowncover/CROWN_COVER_5050919.zarr,./fueltype/FUEL_TYPE_5050919.zarr,./landcover/LANDCOVER_5050919.zarr,./topography/DEM_5050919.zarr,./satellite/LANDSAT_LC08_C02_T1_LC08_035022_20130604_5050919_100000_1370368063370.zarr
